version,GerryChain_Uniform,GerryChain_Uniform,GerryChain_Uniform,GerryChain_Uniform,GerryChain_Uniform,GerryChain_Uniform,GerryChain_Uniform,GerryChain_Uniform,GerryChain_Uniform,GerryChain_Uniform,GerryChain_Uniform,GerryChain_MST,GerryChain_MST,GerryChain_MST,GerryChain_MST,GerryChain_MST,GerryChain_MST,GerryChain_MST,GerryChain_MST,GerryChain_MST,GerryChain_MST,GerryChain_MST,DirectPartition_Walk_Single,DirectPartition_Walk_Single,DirectPartition_Walk_Single,DirectPartition_Walk_Single,DirectPartition_Walk_Single,DirectPartition_Walk_Single,DirectPartition_Walk_Single,DirectPartition_Walk_Single,DirectPartition_Walk_Single,DirectPartition_Walk_Single,DirectPartition_Walk_Single
n_size,256,1296,2500,3600,4624,5776,6724,7744,8836,10000,250000,256,1296,2500,3600,4624,5776,6724,7744,8836,10000,250000,256,1296,2500,3600,4624,5776,6724,7744,8836,10000,250000
run,,,,,,,,,,,,,,,,,,,,,,,,,,,,,,,,,
0,0.001896999999999982,0.013319999999999999,0.018974000000000046,0.023438999999999766,0.025830000000002684,0.030528000000000333,0.06172499999999559,0.05687000000000353,0.058441000000001964,0.06647399999999948,1.6500740000000178,0.0022649999999999615,0.009595999999999938,0.01968900000000051,0.030182999999999183,0.03484900000000124,0.04799700000000229,0.05202899999999744,0.06213800000000447,0.06816100000000347,0.0787430000000029,2.5890940000000455,0.002898999999999985,0.012866999999999962,0.01639100000000049,0.03832399999999936,0.0246069999999996,0.03646599999999722,0.03761800000000193,0.06946399999999642,0.13783099999999138,0.08107700000000762,2.4489189999999326
1,0.0014080000000000203,0.00869399999999998,0.016135999999999484,0.031008999999999176,0.023818000000002115,0.0542560000000023,0.04571599999999876,0.047001000000001625,0.04987299999999095,0.05606000000000222,1.5524959999999055,0.0018650000000000055,0.009191999999999867,0.019716999999999985,0.030056999999999334,0.034915000000001584,0.04548399999999475,0.05305399999999594,0.0686019999999985,0.06698500000000251,0.08020799999999895,2.5983870000000024,0.0007559999999999789,0.013665000000000038,0.028046999999999933,0.023861999999999384,0.04920800000000014,0.061413000000001716,0.10770199999999619,0.05613599999999508,0.10571899999999346,0.09212600000000748,0.726071999999931
2,0.0011490000000000111,0.009543999999999997,0.015736000000000416,0.02877999999999936,0.022500999999998328,0.029821000000001874,0.041720000000005086,0.050902999999998144,0.12204000000001258,0.05522100000000307,1.8566200000000208,0.0018660000000000343,0.009500000000000064,0.01949899999999971,0.026258000000000337,0.03441399999999817,0.04728200000000271,0.051300999999995156,0.06104699999998786,0.06771200000000022,0.0752040000000136,2.5857519999999568,0.0029839999999999867,0.02480799999999972,0.02755699999999983,0.02614699999999992,0.029019000000001682,0.03584400000000443,0.04326399999999353,0.07739999999999725,0.1033689999999865,0.09905399999999531,2.2658329999999296
3,0.0011099999999999999,0.008848999999999885,0.01951500000000017,0.020681000000001504,0.04931000000000196,0.03343699999999927,0.03746900000000153,0.07961099999999988,0.09433599999999842,0.04993199999999831,2.065994000000046,0.001747000000000054,0.009608999999999979,0.019562999999999775,0.027768000000000015,0.035689000000001414,0.0441590000000005,0.05155200000000093,0.05878300000000536,0.06832099999999741,0.07664499999999919,2.4606390000000147,0.0020559999999999468,0.019041000000000086,0.039844000000000435,0.030886000000000635,0.04600800000000049,0.016849000000000558,0.032581000000000415,0.05108799999999292,0.04555100000000323,0.035910999999998694,2.4200069999999414
4,0.0016519999999999868,0.005943000000000032,0.012357000000000617,0.038858999999998645,0.029289999999999594,0.05562100000000214,0.03428399999999954,0.05834999999999724,0.13069799999999532,0.08111599999999441,1.614074999999957,0.001731000000000038,0.009482999999999908,0.018136999999999404,0.026756000000000668,0.035959999999999326,0.04467400000000055,0.05146100000000331,0.058168999999992366,0.0652600000000092,0.07487299999999664,2.563192000000072,0.0021119999999998917,0.00836300000000012,0.024668000000000134,0.021003000000000327,0.04009300000000238,0.06487299999999863,0.09177400000000091,0.06255400000000577,0.07774200000000064,0.1348519999999951,1.9669799999999213
5,0.0012190000000000256,0.013595999999999941,0.018644000000000105,0.02624799999999894,0.036640000000002004,0.0330919999999999,0.04487699999999961,0.05196099999999859,0.1320659999999947,0.06412600000000168,3.005260000000021,0.001771000000000078,0.009414999999999951,0.018529000000000018,0.027312000000000225,0.03586999999999918,0.04387100000000288,0.05256400000000383,0.05810499999999763,0.0653209999999973,0.07848199999999395,2.5489209999999503,0.0018540000000000223,0.016213000000000033,0.03276500000000038,0.012582999999999345,0.04361399999999804,0.045368000000003406,0.041097000000000605,0.058104000000000156,0.045670999999998685,0.05163000000000295,3.391876999999795
6,0.0015330000000000066,0.008954000000000129,0.02167100000000044,0.022721000000000657,0.023210000000002395,0.0387100000000018,0.06332400000000149,0.040946999999995626,0.07408099999999251,0.09492500000000348,2.372519999999895,0.0018340000000000023,0.009192000000000089,0.018482999999999805,0.027029999999999887,0.035992000000000246,0.04533600000000604,0.0505940000000038,0.06000899999999376,0.06938499999999692,0.07614599999999427,2.5862229999999045,0.0021299999999999653,0.018930000000000113,0.029736999999999902,0.04503199999999907,0.02855000000000274,0.05261000000000138,0.05653800000000331,0.03949900000000639,0.09521399999999858,0.08857499999999163,5.389458999999988
7,0.0012510000000000021,0.006618000000000013,0.018469999999999764,0.023457999999999757,0.03086200000000261,0.0484410000000004,0.06781099999999896,0.12557999999999936,0.05534600000000012,0.08959799999999518,1.9696709999999484,0.0018099999999999783,0.009186999999999834,0.0184110000000004,0.027654000000000067,0.035441000000002276,0.04648999999999859,0.051814999999997724,0.05651000000000295,0.06831799999999077,0.08202200000000914,2.5679000000000087,0.0019300000000000983,0.0034800000000001496,0.019980999999999582,0.02628599999999892,0.021112999999999715,0.05866800000000438,0.035001999999998645,0.02051700000001233,0.07631200000000149,0.08950000000000102,3.8455430000001343
8,0.0010990000000000166,0.008137999999999979,0.02873399999999915,0.01746799999999915,0.03300300000000078,0.03157799999999966,0.03756699999999569,0.06686600000000453,0.04817099999999641,0.0816949999999963,1.8923100000000659,0.0017570000000000086,0.009338999999999986,0.01840400000000031,0.02744600000000119,0.03581599999999696,0.04519899999999666,0.05030699999999655,0.05891299999998978,0.0662669999999963,0.08114100000000235,2.458892999999989,0.001898999999999984,0.007956000000000074,0.026082000000000605,0.01934800000000081,0.025499999999997414,0.06697799999999887,0.06611999999999796,0.07951199999999403,0.035446000000007416,0.07309300000000007,2.0110570000001644
9,0.0012570000000000081,0.007132999999999834,0.012464999999999726,0.03389499999999934,0.029665000000001385,0.03310400000000158,0.03639899999999585,0.05490800000000462,0.08708500000000186,0.06923799999999858,1.7119160000000875,0.0017740000000000533,0.009323999999999888,0.019372999999999863,0.026707999999999288,0.040601999999999805,0.045772999999996955,0.04996200000000073,0.0611950000000121,0.06807099999998911,0.07755199999999718,2.5622489999999516,0.0015450000000000186,0.016138999999999903,0.022054999999999936,0.037661999999999196,0.017352999999999952,0.012945000000001983,0.05295600000000178,0.06685699999999883,0.04977200000000437,0.066828000000001,4.297098000000005
10,0.0011599999999999944,0.007325000000000026,0.012137000000000064,0.02055099999999932,0.023903000000000674,0.03207400000000149,0.04924700000000115,0.0718829999999997,0.08712900000000445,0.04771300000000167,1.9087429999999586,0.0017490000000000006,0.00917200000000018,0.018386000000000458,0.026678000000000424,0.03646900000000031,0.04525300000000243,0.052523000000000764,0.06116100000001268,0.06835300000000188,0.07962799999999959,2.5758789999999863,0.0019400000000000528,0.009494000000000113,0.01249999999999929,0.0239729999999998,0.048241000000000867,0.06977900000000403,0.059244999999997106,0.05088999999999544,0.08697899999999947,0.10009999999999764,5.087473000000045
11,0.0012730000000000241,0.0072309999999999874,0.030989999999999185,0.020502000000000464,0.03276599999999874,0.029171999999999088,0.049572000000004834,0.05334299999999814,0.05214199999998925,0.06400200000000211,1.6820079999999962,0.0017680000000001028,0.00919800000000004,0.018431999999999782,0.02693800000000124,0.036795000000001465,0.045224000000004594,0.053170000000001494,0.0600509999999872,0.06834700000000282,0.07892499999999814,2.542363000000023,0.0028799999999999937,0.012678999999999885,0.02352199999999982,0.025652000000000896,0.030885000000001384,0.046112999999998294,0.03576999999999941,0.07589500000000271,0.08406400000001213,0.04208099999999604,1.5236590000001797
12,0.0013679999999999803,0.007204999999999906,0.021376999999999313,0.017353999999999203,0.023953000000002334,0.051009999999998,0.034624000000000876,0.05277399999999943,0.06538799999999867,0.061916999999994005,1.7199219999999968,0.0018200000000000438,0.009917999999999871,0.018133999999999872,0.026431000000000537,0.03528500000000179,0.04536099999999976,0.051968000000002235,0.06147300000000655,0.06820700000000102,0.07805799999999863,2.593661999999995,0.0020060000000000633,0.016197000000000017,0.01310799999999901,0.024911000000001238,0.008247000000000781,0.05266100000000051,0.03130000000000166,0.09423700000000679,0.0825060000000093,0.13971200000000294,1.8277069999999185
13,0.0012030000000000096,0.013519999999999976,0.014877000000000251,0.020963999999999317,0.021726000000001022,0.03467899999999702,0.04272600000000182,0.046953999999999496,0.05477500000000646,0.0986040000000088,2.1832460000000538,0.0018279999999999408,0.00966699999999987,0.01807399999999948,0.026042000000000343,0.035080000000000666,0.04566499999999962,0.05022999999999911,0.05937600000000032,0.0661360000000002,0.0796449999999993,2.5673490000000356,0.0005820000000000825,0.008643999999999874,0.025475999999999388,0.018398999999998722,0.058723999999998,0.02926300000000026,0.04558500000000265,0.08211699999999666,0.05413599999999974,0.0702139999999929,2.367864999999938
14,0.0018119999999999803,0.005975999999999981,0.017732999999999777,0.029281000000001,0.029037000000002422,0.06456799999999774,0.04509300000000138,0.04223999999999961,0.09789500000000828,0.07848500000000058,2.1662289999999302,0.0018130000000000646,0.009255999999999709,0.017574999999999896,0.026190999999998965,0.03739599999999754,0.04727400000000159,0.049596000000001084,0.06036699999999939,0.06894099999999526,0.08040900000000306,2.448016999999936,0.0013270000000000781,0.005323999999999884,0.015826999999999813,0.01707800000000148,0.042729999999998824,0.054158999999998514,0.033254999999996926,0.050457000000008634,0.08728299999999933,0.050396000000006325,7.848983999999973
15,0.0010629999999999806,0.011503000000000041,0.01641300000000001,0.025944000000000855,0.02524700000000024,0.03481299999999976,0.062085000000003276,0.05226599999999593,0.07062399999999514,0.058582000000001244,1.6452500000000327,0.0017770000000000286,0.009202000000000155,0.018659000000000425,0.026419999999999888,0.036730999999999625,0.04721999999999582,0.052156000000003644,0.06010099999998886,0.07966500000000565,0.07800499999999033,2.574811000000068,0.0016920000000000268,0.01245499999999966,0.022102000000000288,0.04415600000000097,0.028400000000001313,0.018667000000000655,0.04405500000000018,0.06078599999999312,0.1239840000000072,0.12682099999999252,2.657269000000042
16,0.0016599999999999948,0.01427299999999998,0.01376799999999978,0.02197199999999988,0.02367500000000078,0.04157499999999814,0.05993000000000137,0.04866899999999674,0.05892000000000053,0.054480000000012296,3.879986000000031,0.0017929999999999335,0.00912500000000005,0.01856400000000047,0.02693000000000012,0.03681999999999874,0.0451359999999994,0.05481100000000083,0.05757800000000657,0.0688339999999954,0.07951300000000572,2.5569470000000365,0.0014620000000000744,0.011893000000000153,0.01562900000000056,0.026806999999998027,0.03792400000000029,0.03196700000000163,0.04603000000000179,0.059941000000009126,0.061157000000008566,0.10729599999999095,1.558029999999917
17,0.001790999999999987,0.007201999999999931,0.02385500000000018,0.03141499999999908,0.029965000000000686,0.030221999999998417,0.05654900000000396,0.041817999999999245,0.06118399999999724,0.0680720000000008,1.9068150000000514,0.0017690000000000206,0.009215999999999891,0.017882000000000176,0.02690899999999985,0.035272000000002635,0.046900999999998305,0.05411800000000255,0.05863499999999533,0.06865800000001343,0.07797800000000166,2.451381999999967,0.002942,0.007144000000000261,0.012709999999998445,0.02865500000000054,0.027087999999999113,0.06598899999999475,0.0626529999999974,0.02600599999999531,0.1365990000000039,0.09981400000000917,1.2115949999999884
18,0.0011880000000000224,0.007695999999999925,0.04798400000000047,0.027055000000000717,0.0278419999999997,0.05057000000000045,0.05082199999999659,0.043970999999999094,0.057151000000004615,0.0787559999999985,1.58275900000001,0.0018279999999999408,0.009100999999999804,0.017754000000000048,0.026141000000000858,0.037836999999999676,0.044478000000005125,0.05560899999999691,0.059625999999994406,0.06656300000000215,0.07729600000000403,2.482571000000007,0.002431000000000072,0.006834999999999702,0.02646700000000024,0.020967999999999876,0.04847200000000029,0.0852429999999984,0.03427199999999431,0.0425690000000003,0.046189999999995734,0.12390099999998938,1.8115419999999176
19,0.0012460000000000249,0.006480999999999959,0.011885999999999619,0.020439999999998903,0.042472000000000065,0.07168300000000016,0.04878499999999519,0.05326799999999565,0.053948000000005436,0.07519000000000631,2.5085980000000063,0.0018119999999999248,0.009268000000000054,0.017692999999999515,0.02768999999999977,0.0360859999999974,0.04533900000000557,0.052489999999998815,0.05856500000000153,0.06790300000000116,0.07488600000000645,2.441569999999956,0.001690999999999998,0.00734199999999996,0.029164999999998997,0.028959999999997876,0.019110000000001293,0.09979200000000077,0.03795799999999616,0.07413200000000586,0.053175000000010186,0.13090700000000766,4.7634109999999055
20,0.0013769999999999616,0.009333000000000036,0.01594600000000046,0.023740000000000094,0.024410999999997074,0.059098000000002315,0.053207999999997924,0.04071100000000172,0.07206000000000756,0.06525200000000098,2.1219389999999976,0.001747000000000054,0.009637000000000118,0.01764299999999963,0.026507999999999754,0.03550199999999748,0.046962000000000614,0.04994899999999802,0.06307499999999777,0.06960699999999065,0.07774100000000317,2.4278790000000754,0.0025600000000000067,0.008201000000000125,0.019229999999998526,0.029878999999997546,0.039947999999998984,0.04769199999999785,0.04223100000000102,0.04350800000000277,0.03779799999999511,0.06053899999999146,2.8361039999999775
21,0.0013370000000000326,0.006893000000000038,0.011612999999999651,0.027198000000000278,0.027923999999998728,0.03408799999999701,0.06787700000000285,0.03792800000000085,0.07967299999999966,0.06747699999999668,2.15310199999999,0.0017289999999999806,0.009290999999999716,0.01760999999999946,0.027428999999999704,0.0354290000000006,0.04508200000000073,0.051485999999997034,0.06749700000000303,0.06645199999999818,0.07488499999999476,2.548748000000046,0.001535000000000064,0.012960000000000083,0.015254000000000545,0.03306100000000001,0.03153400000000062,0.042059000000001845,0.07124699999999962,0.08451700000000528,0.060755000000000337,0.03260000000000218,5.384057999999868
22,0.0014280000000000403,0.008055999999999841,0.01702199999999987,0.027784999999999727,0.037009999999998655,0.03282100000000199,0.036775999999996145,0.05800699999999637,0.046368000000001075,0.08730899999999053,1.6643829999999298,0.0018080000000000318,0.009149999999999991,0.017694000000000543,0.026809999999999334,0.03547000000000011,0.04908400000000057,0.05073300000000103,0.06230000000000757,0.06535100000000682,0.07419099999999901,2.568392000000017,0.003478999999999899,0.008410000000000029,0.0407150000000005,0.04545199999999738,0.028488999999996878,0.03968699999999359,0.05683099999999541,0.08549700000000371,0.03796400000000233,0.06510400000000516,3.0381170000000566
23,0.0011359999999999704,0.010717000000000088,0.015348000000000361,0.027910000000000323,0.03199799999999797,0.039001000000002506,0.03640800000000155,0.03961299999999568,0.04923700000000508,0.07648499999999103,2.108255999999983,0.0017579999999999263,0.009137000000000395,0.017680000000000362,0.027195999999999998,0.03606399999999965,0.051856999999998266,0.052385000000001014,0.05741199999999935,0.06473599999999635,0.0930359999999979,2.5945809999999483,0.0018739999999999313,0.00927699999999998,0.051567999999999614,0.03386799999999823,0.037366999999999706,0.04614100000000576,0.02874199999999405,0.051563999999999055,0.06081700000000012,0.0854670000000084,5.978386
24,0.0014620000000000188,0.0066349999999999465,0.01344299999999965,0.0224650000000004,0.027608000000000743,0.051349000000001865,0.03951099999999741,0.05782299999999907,0.051517999999987296,0.059993999999989,1.5130980000000136,0.0017730000000000246,0.009119999999999795,0.01824600000000043,0.026706000000000785,0.034078999999998416,0.04451199999999744,0.04999899999999968,0.05785499999998933,0.0649789999999939,0.07895100000000355,2.5366330000000517,0.0016159999999999508,0.008703000000000127,0.014564000000000021,0.03187300000000093,0.03208600000000317,0.08835899999999697,0.05678100000000086,0.13362399999999752,0.04655600000000959,0.14183599999999785,2.5219939999999497
25,0.0017550000000000066,0.006808999999999843,0.017451000000000327,0.02303099999999958,0.03010099999999838,0.030739000000000516,0.03788299999999367,0.043680999999999415,0.06160500000000013,0.06560699999999997,1.737924000000021,0.0017759999999999998,0.009133999999999975,0.017732999999999777,0.02679400000000065,0.03536400000000128,0.044238,0.0495029999999943,0.06183099999999797,0.06521800000000155,0.07399200000000405,2.5744680000000244,0.0033480000000000176,0.010267000000000248,0.029804000000000386,0.02292100000000019,0.03200899999999862,0.04983000000000004,0.08603199999999589,0.06832099999999741,0.15931700000000149,0.052374000000000365,3.2642349999998714
26,0.00121899999999997,0.011036999999999964,0.013579000000000008,0.02013600000000082,0.029323999999999018,0.028324999999998823,0.03790000000000049,0.05016299999999774,0.047043000000002166,0.05975599999999304,1.5759600000000091,0.0017599999999999838,0.009093000000000018,0.017735000000000056,0.026975000000000193,0.03609000000000151,0.04487400000000008,0.04934899999999942,0.06031099999999867,0.06616800000000467,0.07420700000000124,2.4380310000000236,0.0014650000000000496,0.010947999999999958,0.016275999999999513,0.021074000000002258,0.04647799999999691,0.08605000000000018,0.04044600000000287,0.034610000000000696,0.07742199999999855,0.11945099999999798,1.3953599999999824
27,0.0011229999999999851,0.007973999999999926,0.012895999999999574,0.03493800000000036,0.024610999999996608,0.04486100000000093,0.0489029999999957,0.05357300000000009,0.08007599999999115,0.059385000000006016,1.9434929999999895,0.0018219999999999903,0.009077000000000002,0.017558999999999436,0.026272000000000517,0.03586199999999806,0.04439599999999899,0.05114900000000233,0.0599990000000048,0.06636100000000056,0.07816700000000765,2.5485649999999396,0.0010779999999999124,0.006336999999999815,0.013310000000000599,0.03450099999999878,0.016007999999999356,0.06841299999999961,0.03484499999999713,0.06756099999999776,0.09058000000000277,0.07311699999999632,1.581344000000172
28,0.0011859999999999649,0.006628999999999996,0.012513000000000218,0.03287900000000121,0.023942000000001684,0.03618799999999922,0.036512000000001876,0.048558999999997354,0.05316799999999944,0.0654040000000009,2.1620040000000245,0.001790999999999987,0.009069000000000216,0.017555999999999905,0.027328000000000685,0.03591199999999972,0.04296599999999984,0.05006699999999853,0.05671999999999855,0.06810000000000116,0.07648600000000272,2.5698429999999917,0.001383000000000023,0.008158000000000332,0.015025999999998874,0.04427100000000195,0.015508999999997997,0.03805499999999995,0.09984599999999944,0.03800300000000334,0.06552699999998879,0.07742899999999509,3.111979999999903
29,0.001373000000000013,0.006817000000000073,0.018061000000000327,0.019653999999999172,0.03307500000000019,0.035909999999997666,0.043350000000003774,0.04377399999999909,0.10631600000000674,0.07473799999999642,1.661559000000011,0.0017659999999999343,0.00915300000000041,0.017552999999999486,0.0272660000000009,0.035597000000002765,0.043057999999994934,0.050979999999995584,0.0572169999999943,0.06877599999999973,0.07678100000001109,2.4700450000000274,0.001442999999999972,0.01390899999999995,0.012439000000000533,0.020983000000001084,0.051306000000000296,0.054375000000000284,0.057442999999999245,0.06700099999999054,0.06412499999999,0.03205499999999972,3.5758650000000216
30,0.0014020000000000143,0.007575000000000109,0.019434000000000395,0.020105000000000928,0.03969900000000237,0.04198900000000094,0.0614270000000019,0.05512199999999723,0.07010200000000566,0.05338100000000168,1.747953999999936,0.0017859999999999543,0.00921100000000008,0.01764700000000019,0.026659999999999684,0.036286000000000485,0.04272699999999929,0.0497219999999956,0.05787500000000989,0.06524699999999939,0.07656400000000474,2.4041199999999208,0.0019820000000000393,0.02043100000000031,0.0205649999999995,0.032538999999999874,0.07438000000000144,0.06687000000000154,0.058700999999999226,0.06344199999999489,0.08843399999999235,0.06240300000000332,6.197183000000223
31,0.0013929999999999776,0.010066999999999826,0.019854000000000482,0.0758220000000005,0.022497999999998797,0.0280719999999981,0.0429719999999989,0.05245599999999939,0.056072000000000344,0.057533000000006496,1.6697449999999208,0.0017819999999999503,0.009220999999999702,0.017704000000000164,0.026673999999999864,0.035602999999998275,0.04315000000000424,0.049334000000001765,0.06077299999999752,0.06576199999999233,0.08020199999999988,2.5681460000000698,0.0017810000000000326,0.006997999999999838,0.02862900000000046,0.022525999999999158,0.0602899999999984,0.045644000000002904,0.03597100000000353,0.08826899999999682,0.09512300000000096,0.03240100000000723,1.5675229999999374
32,0.0011420000000000874,0.00630799999999998,0.013506999999999714,0.021627000000000507,0.05811399999999978,0.05418099999999981,0.042532000000001347,0.03886800000000079,0.05708699999999567,0.08024800000001164,1.8425409999999829,0.001822999999999908,0.009113999999999844,0.017991999999999564,0.026664000000000243,0.03524200000000022,0.044362999999997044,0.052599999999998204,0.06042899999999918,0.07237200000000144,0.07499599999999873,2.4405320000000756,0.0019479999999999498,0.016780999999999935,0.04420499999999983,0.020365999999999218,0.021075999999997208,0.031857000000002245,0.10818699999999382,0.07112600000000668,0.056339000000008355,0.1438270000000017,6.8219819999999345
33,0.0012590000000000101,0.005857000000000001,0.01391700000000018,0.049548999999998955,0.02973299999999668,0.06610999999999834,0.07317299999999705,0.044418999999997766,0.0484519999999975,0.05351699999999937,1.582196999999951,0.0017800000000000038,0.009144999999999737,0.017654999999999532,0.027686000000000988,0.03522599999999798,0.04301200000000449,0.0509619999999984,0.05985100000000898,0.07444199999999057,0.07785199999999293,2.5293309999999565,0.0020609999999999795,0.011461000000000165,0.018359999999999488,0.043285000000000906,0.02813499999999891,0.03668100000000152,0.059877999999997655,0.05655399999999133,0.043679999999994834,0.06976400000000638,3.9572249999998803
34,0.0011649999999999716,0.008920000000000039,0.01793900000000015,0.021836999999999662,0.027598999999998597,0.04101999999999961,0.03729900000000441,0.0711250000000021,0.06477100000000746,0.07363600000000758,2.176930000000084,0.0017940000000000733,0.009110000000000174,0.01904400000000006,0.027134000000000214,0.035215000000000884,0.04224800000000073,0.050831999999999766,0.059106999999997356,0.0675679999999943,0.07371600000000456,2.5520890000000236,0.0020299999999999763,0.005469000000000168,0.011693000000001064,0.020454999999998336,0.033449999999998425,0.04223199999999849,0.011122999999997774,0.023471000000000686,0.05844199999999944,0.0476499999999902,5.658437000000049
35,0.0016720000000000068,0.009506999999999932,0.01424700000000012,0.019191999999998544,0.029259999999997177,0.04775799999999819,0.05814699999999817,0.04135500000000292,0.0554740000000038,0.05310500000000218,1.5603920000000926,0.0017539999999999223,0.009081999999999812,0.018607000000000262,0.02754700000000021,0.03740900000000025,0.041922999999997046,0.05292999999999637,0.060625000000001705,0.06821100000000513,0.07863799999999799,2.455204999999978,0.0015770000000000506,0.010387999999999842,0.03334699999999913,0.04666699999999935,0.016321000000001362,0.04014200000000301,0.03363199999999722,0.052554000000000656,0.08051799999999787,0.0910520000000048,4.598504999999932
36,0.0011550000000000171,0.006561000000000039,0.01595499999999994,0.018785999999998637,0.027317000000000036,0.037682000000000215,0.0417059999999978,0.047905000000000086,0.04860699999998985,0.07098300000001245,1.7544920000000275,0.0017979999999999663,0.009082999999999952,0.01840600000000059,0.026362999999999914,0.03684599999999705,0.04190300000000491,0.0507780000000011,0.059167999999999665,0.06534700000000271,0.07646099999999478,2.5392570000000205,0.0023169999999999025,0.009071000000000051,0.023438000000000514,0.04435100000000247,0.026622999999997177,0.04528399999999522,0.021993999999999403,0.054272000000011644,0.028795999999999822,0.07087200000000848,5.6258980000000065
37,0.0014879999999999338,0.006901999999999964,0.01673400000000047,0.025458999999999676,0.035786999999999125,0.04631200000000035,0.03558200000000511,0.07094399999999723,0.0483120000000099,0.05110700000000179,2.1777929999999515,0.0017810000000000326,0.009074000000000026,0.023439999999999905,0.026276000000001076,0.03633199999999803,0.042034000000001015,0.04932500000000317,0.06006800000000112,0.0646250000000066,0.07668800000000431,2.5265079999999216,0.001270999999999911,0.009716000000000058,0.01388899999999893,0.02448699999999704,0.012207000000000079,0.038362999999996816,0.0874860000000055,0.06043499999999824,0.1204400000000021,0.10179599999999311,4.169720999999981
38,0.0012860000000000094,0.010869000000000018,0.018865000000000798,0.021302000000000376,0.02711100000000144,0.027688000000001267,0.07070399999999921,0.06493200000000598,0.09359299999999848,0.048878000000001975,1.8615210000000388,0.001815000000000011,0.009087999999999763,0.022255000000000358,0.026225999999999416,0.035764999999997826,0.04183100000000195,0.051892999999999745,0.058975000000003774,0.06471700000000169,0.07990000000000919,2.5980160000000296,0.0026410000000000045,0.009296000000000415,0.017663999999999902,0.0201039999999999,0.04445699999999775,0.05167000000000144,0.0512289999999993,0.02746299999999735,0.052934000000007586,0.06589700000000676,1.4607320000000072
39,0.0027169999999999694,0.005716000000000054,0.024509000000000114,0.02005999999999908,0.03222599999999787,0.038105999999999085,0.05034200000000055,0.04466700000000401,0.07695599999999558,0.05176099999999906,4.063452999999981,0.0017850000000000366,0.009189000000000114,0.021607999999999628,0.026066000000000145,0.03709899999999777,0.042643999999995685,0.04954299999999989,0.05991199999999708,0.06575399999999831,0.08215800000000684,2.5611699999999473,0.0021859999999999102,0.005807999999999591,0.013761000000000578,0.02410099999999815,0.04976700000000278,0.022857000000001904,0.04064199999999829,0.0302340000000072,0.07428600000000074,0.06561299999999903,2.8946070000001782
40,0.0012590000000000101,0.007039999999999935,0.028263000000000815,0.02736699999999992,0.03382300000000171,0.04140900000000158,0.04552499999999782,0.05757599999999741,0.0469190000000026,0.05980099999999311,1.656095999999934,0.0017719999999999958,0.009176000000000073,0.018353000000000286,0.02737899999999982,0.03684700000000163,0.042985000000001605,0.05060500000000445,0.0594380000000001,0.06561999999999557,0.07453999999999894,2.442790000000059,0.0015939999999999843,0.009530999999999956,0.038182000000000826,0.022520000000000095,0.03511400000000009,0.029857999999997276,0.03622500000000173,0.06330099999999561,0.08442100000000607,0.08391500000000462,1.9225999999998749
41,0.0013039999999999718,0.007156000000000162,0.015737000000000556,0.01998700000000042,0.03989400000000032,0.05724899999999877,0.07238300000000208,0.0392750000000035,0.052604000000002316,0.09800300000000561,2.1357450000000426,0.001778999999999975,0.009077000000000002,0.022537999999999947,0.025625000000001563,0.035537000000001484,0.04198799999999636,0.05257199999999784,0.06231099999999401,0.06869600000000275,0.07410099999999886,2.5970680000000357,0.002130999999999994,0.004085000000000338,0.020175000000000054,0.03174200000000127,0.07731500000000224,0.02388400000000246,0.02252099999999757,0.03368400000000804,0.08551099999999678,0.06890500000000088,6.278023999999959
42,0.001654999999999962,0.007236999999999938,0.014121000000000272,0.0360630000000004,0.0295109999999994,0.04728599999999972,0.05124800000000107,0.09616499999999917,0.05256199999999467,0.07512699999999484,1.9494549999999435,0.0017779999999999463,0.009049000000000085,0.01775799999999972,0.03109099999999998,0.0369489999999999,0.04290499999999753,0.05245599999999939,0.061587000000002945,0.06820799999999849,0.07895099999998934,2.5509779999999864,0.0019409999999999705,0.01493499999999992,0.01808199999999971,0.027898000000000422,0.03069499999999792,0.051422999999999774,0.03131700000000137,0.0727319999999878,0.15836199999999678,0.07909399999999778,2.069445999999971
43,0.001214999999999966,0.009540000000000104,0.011498999999999704,0.024568000000000367,0.05191199999999796,0.03229299999999924,0.03574300000000363,0.04842800000000125,0.0641080000000045,0.06038300000000163,2.5965929999999844,0.0017730000000000246,0.009069999999999911,0.018956999999999447,0.028081999999999496,0.03850699999999918,0.04267300000000063,0.05132499999999851,0.06082100000000423,0.06727599999999256,0.07565499999999759,2.5685640000000376,0.0009790000000000632,0.007712999999999859,0.016174999999998718,0.03214399999999884,0.04243400000000008,0.032975999999997896,0.04735000000000156,0.0382759999999962,0.09633699999999124,0.09317900000000634,2.6005640000000767
44,0.0012529999999999486,0.009940999999999978,0.01609000000000016,0.02412499999999973,0.023136000000000934,0.033023000000000025,0.04692699999999661,0.05755500000000069,0.05974399999999491,0.08284800000001269,4.791497000000049,0.0017699999999999383,0.00906000000000029,0.018118999999999552,0.03129299999999979,0.03733399999999776,0.042184999999996364,0.05159599999999642,0.057635000000004766,0.06485599999999181,0.07754599999999812,2.5879750000000286,0.0025330000000000075,0.0066830000000002165,0.014008999999999716,0.015934000000001447,0.012922999999997131,0.07291999999999632,0.1540289999999942,0.054443000000006236,0.059343999999995845,0.06951399999999808,3.5808499999998276
45,0.0016080000000000538,0.00789200000000001,0.017540999999999585,0.018637000000000015,0.023748999999998688,0.05368299999999948,0.04777999999999594,0.0413599999999974,0.06696999999999775,0.08704600000000084,3.3232719999999745,0.0017740000000000533,0.009069999999999911,0.0179450000000001,0.029526000000000607,0.03424200000000255,0.04206399999999633,0.04942400000000191,0.05702200000000346,0.06468499999999722,0.07579299999999023,2.583389999999895,0.0018640000000000878,0.004148999999999958,0.021337000000000828,0.044913999999998566,0.0265519999999988,0.05491699999999611,0.037004000000003145,0.05272500000000946,0.05760499999999524,0.11500999999999806,2.3345190000000002
46,0.0012790000000000301,0.015063000000000049,0.016295000000000393,0.019087999999999994,0.034390999999999394,0.03332100000000082,0.038851999999998554,0.0468970000000013,0.06341299999999706,0.07030300000000977,1.880461000000082,0.0018210000000000726,0.009180999999999884,0.018056999999999768,0.027243999999999602,0.03407699999999991,0.042123999999994055,0.051065999999998724,0.05696899999999516,0.0647689999999983,0.07568200000000047,2.578749000000016,0.0012799999999999478,0.017279999999999962,0.006307000000001395,0.017850000000002808,0.021290000000000475,0.03371699999999578,0.026167999999998415,0.08704299999999421,0.018160000000008836,0.05174499999999682,3.6883960000000116
47,0.0011120000000000019,0.007613000000000092,0.023138000000000325,0.06206599999999973,0.04763099999999909,0.0424769999999981,0.043112000000000705,0.03833900000000057,0.06193599999998867,0.06421000000000276,3.3486149999999952,0.0017610000000000126,0.009068000000000076,0.018362999999999907,0.026702000000000226,0.034344999999998294,0.04161799999999971,0.051003000000001464,0.05684300000000064,0.0647300000000115,0.0739329999999967,2.4790120000000115,0.001607000000000025,0.004436999999999802,0.025411000000000072,0.03400800000000004,0.03251500000000007,0.04547900000000027,0.0704939999999965,0.05800499999999431,0.09617000000000075,0.10174499999999398,2.893336999999974
48,0.0011740000000000084,0.005945000000000089,0.01622199999999996,0.019605999999999568,0.0428100000000029,0.03111200000000025,0.03381899999999405,0.0740509999999972,0.05507200000000978,0.0635599999999954,4.761019000000033,0.0017639999999999878,0.009069999999999911,0.018625000000000114,0.027132999999999186,0.033359000000000805,0.04232099999999406,0.0499979999999951,0.058378000000004704,0.0656150000000082,0.07596399999999903,2.5287009999999555,0.0018939999999999513,0.00819100000000006,0.02089800000000075,0.018727999999999412,0.023751000000000744,0.07619900000000257,0.05726999999999549,0.059511000000000536,0.06803800000000138,0.08948199999998963,3.700147999999899
49,0.0012579999999999814,0.006218000000000057,0.013613999999999571,0.02472799999999964,0.0238580000000006,0.033507000000000176,0.03507799999999861,0.04446699999999737,0.0643490000000071,0.061371999999991544,1.6861380000000281,0.0017559999999999798,0.0090650000000001,0.018677000000000277,0.02767099999999978,0.03510100000000094,0.045149000000002104,0.0512289999999993,0.05729799999998875,0.06682499999999436,0.07596699999999146,2.55973599999993,0.0025129999999999875,0.006086000000000258,0.021709999999998786,0.03057099999999835,0.047226999999999464,0.06808099999999939,0.01645000000000607,0.03674200000000383,0.03244800000000225,0.07618099999999117,2.8199389999999767
50,0.001214999999999966,0.008917000000000064,0.020012999999999614,0.02862200000000037,0.02468199999999854,0.037964999999999804,0.07017799999999852,0.05430999999999386,0.10588300000000572,0.10935700000000281,2.1074780000000146,0.0017699999999999383,0.009085999999999927,0.01763600000000043,0.027053000000000438,0.03358599999999967,0.04988500000000329,0.050084999999995716,0.05890399999999829,0.07467099999999505,0.07415600000000211,2.485057999999981,0.002737999999999907,0.012268000000000168,0.01534400000000069,0.0332650000000001,0.03974399999999889,0.036270999999999276,0.059063000000001864,0.08837099999999509,0.04449799999999016,0.027148999999994317,3.2214749999998276
51,0.0013640000000000319,0.008328999999999809,0.017075000000000173,0.027534999999998533,0.026544000000001233,0.03953200000000123,0.03874700000000075,0.0396689999999964,0.07769799999999805,0.06923199999999952,2.3672419999999192,0.001770999999999967,0.009055999999999731,0.019231000000000442,0.027452999999999506,0.03432899999999961,0.049127999999996064,0.04939099999999996,0.06216399999999567,0.08013700000000767,0.0776520000000005,2.5517019999999775,0.0011079999999999979,0.01896399999999998,0.014956999999998999,0.04673100000000119,0.05651800000000051,0.05038100000000156,0.043748000000000786,0.053475000000005934,0.06538499999999203,0.04323000000000832,1.0737789999998313
52,0.0014279999999999848,0.008176999999999879,0.012341000000000157,0.022734000000001586,0.02399600000000035,0.03188000000000102,0.03755199999999803,0.041237999999999886,0.07073300000000415,0.06620399999999904,2.212024000000042,0.0017970000000000486,0.009077999999999697,0.018148000000000053,0.027473999999999776,0.03400599999999798,0.042501000000001454,0.05127900000000096,0.05700799999999617,0.06483299999999304,0.07444200000000478,2.566257999999948,0.0029280000000000417,0.009854999999999947,0.018841000000000108,0.027618000000000364,0.024989000000001482,0.05191200000000151,0.07739899999999977,0.038232000000007815,0.10437199999999791,0.11517499999999359,2.2543600000001334
53,0.001530999999999949,0.011435000000000084,0.014718000000000231,0.022302999999999074,0.023096999999999923,0.04012600000000077,0.044553999999997984,0.048621000000004244,0.09029599999999505,0.0747130000000027,1.731059000000073,0.0017610000000000126,0.009077999999999697,0.018466000000000093,0.0261490000000002,0.03320500000000237,0.042794000000000665,0.051135999999999626,0.0594289999999944,0.0645629999999926,0.0739640000000037,2.4135890000000018,0.0016169999999999796,0.01003699999999963,0.02334600000000009,0.018214000000000397,0.05614399999999975,0.030719999999995196,0.04535800000000023,0.04080600000000345,0.0617549999999909,0.06004199999999571,2.320122999999967
54,0.001798999999999995,0.0089189999999999,0.03574499999999947,0.0236970000000003,0.036615000000001174,0.033960000000000434,0.0562230000000028,0.0519869999999969,0.05114799999999775,0.06782400000000166,1.6370149999999057,0.0017819999999999503,0.009059999999999846,0.018647999999999776,0.02644699999999922,0.03316199999999725,0.043569000000005076,0.052322000000003754,0.05770799999999099,0.06709300000001406,0.08745300000001066,2.4543429999999944,0.003066999999999931,0.011439999999999895,0.0205990000000007,0.02256099999999961,0.05143599999999893,0.057366000000001804,0.024667000000000883,0.027836999999991008,0.05746100000000354,0.13421800000000417,2.1968500000000404
55,0.001354999999999995,0.006591999999999931,0.016059000000000268,0.02122500000000116,0.025769000000000375,0.027346000000001425,0.03933099999999712,0.04471699999999856,0.08542500000000075,0.05352099999998927,2.4293210000000727,0.001770999999999967,0.00905800000000001,0.01842400000000044,0.02738399999999963,0.03308200000000028,0.042145000000004984,0.05210399999999993,0.05641599999999869,0.06690900000000966,0.08297899999999458,2.4534989999999652,0.001666999999999974,0.003609999999999669,0.02245900000000134,0.032288000000001205,0.03416700000000006,0.032060999999998785,0.06575600000000037,0.04862900000000536,0.02924600000000055,0.05201699999999221,1.881244999999808
56,0.0013649999999999496,0.006669999999999954,0.012990000000000279,0.020674000000001413,0.05341600000000213,0.028665000000003715,0.0396560000000008,0.044859000000002425,0.05483600000000877,0.08353800000000433,1.8383029999999962,0.0017559999999999798,0.009063999999999961,0.0183939999999998,0.027366000000000668,0.03322199999999853,0.04239600000000365,0.04904499999999956,0.056610000000006266,0.06629900000000077,0.079425999999998,2.4377100000000382,0.0018770000000000175,0.01776399999999967,0.03542100000000126,0.04694599999999838,0.029237000000001956,0.041857000000000255,0.020769999999998845,0.053702999999998724,0.04446900000000653,0.10765499999999406,2.200452999999925
57,0.0014690000000000536,0.006027999999999922,0.013195999999999763,0.02536100000000019,0.03909799999999919,0.047917999999995686,0.03785400000000294,0.051118999999999915,0.12892300000000034,0.06010100000000307,1.82507099999998,0.001770999999999967,0.009071999999999747,0.018299999999999983,0.026647999999999783,0.034174999999997624,0.042455000000003906,0.04909899999999823,0.05689399999999978,0.06906899999999894,0.0786899999999946,2.5283889999999474,0.002713999999999994,0.010121999999999964,0.022023000000000792,0.02521899999999988,0.046053000000000566,0.029648999999999148,0.028801999999998884,0.08329100000000267,0.09048999999998841,0.05007799999999918,3.380583000000115
58,0.001391000000000031,0.007954000000000017,0.01316900000000043,0.04037300000000066,0.026022999999998575,0.0357050000000001,0.04255500000000012,0.09287900000000349,0.05832300000000146,0.06840200000000607,2.5646449999999277,0.0017730000000000246,0.009090000000000042,0.01812199999999997,0.026189000000000462,0.03359700000000032,0.04246099999999586,0.04883699999999891,0.0576549999999969,0.06966500000000053,0.0743049999999954,2.560257999999976,0.0016400000000000858,0.00695699999999988,0.018625000000000114,0.01974400000000287,0.02662700000000129,0.05358299999999616,0.03999199999999803,0.035403000000002294,0.11433699999999192,0.16498199999999485,1.6287210000000414
59,0.0015339999999999243,0.00874599999999992,0.013536999999999466,0.0202650000000002,0.028749000000001246,0.03391700000000242,0.035445999999993205,0.04707100000000253,0.06606400000001145,0.052096000000005915,2.497245000000021,0.0017679999999999918,0.009063999999999961,0.01826900000000009,0.026384000000000185,0.03344200000000086,0.045326000000002864,0.04981999999999687,0.059611000000003855,0.06812700000000405,0.07398799999999994,2.4322240000000193,0.0007539999999999214,0.007735999999999965,0.007773000000000252,0.03512100000000018,0.047565999999999775,0.058773000000002185,0.020323999999995124,0.030421000000004028,0.059558999999993034,0.09844699999999307,1.399874999999838
60,0.0011809999999999876,0.006148000000000042,0.019696999999999854,0.02397799999999961,0.037760000000002236,0.030368000000002837,0.037659999999995364,0.0751109999999997,0.14085899999999185,0.11471799999999632,1.6463820000000169,0.0017820000000000613,0.009082999999999952,0.01904099999999964,0.026047000000000153,0.033913999999999334,0.04401800000000122,0.05197699999999372,0.060576999999994996,0.0646899999999988,0.07411499999999194,2.4615949999999884,0.0012630000000000141,0.005641999999999925,0.01825299999999963,0.023202999999998752,0.049417999999999296,0.031131999999999493,0.02246799999999638,0.01647400000000232,0.09730100000000164,0.09434100000000001,4.726435000000038
61,0.0014699999999999713,0.006407999999999969,0.021363999999999272,0.020773000000000152,0.02672799999999853,0.051844000000002666,0.035277999999998144,0.044517000000006135,0.06941299999999728,0.06358400000000586,1.7343379999999797,0.001774999999999971,0.009053999999999895,0.018359999999999488,0.026381999999999906,0.03419600000000145,0.0445010000000039,0.050705000000000666,0.0702840000000009,0.06821500000000924,0.07605599999999413,2.5495789999999943,0.0012820000000000054,0.003314000000000039,0.014548999999998813,0.015211999999998227,0.04150200000000126,0.06435000000000457,0.07100600000000412,0.0634330000000034,0.03490000000000748,0.07109099999999557,2.635690000000068
62,0.001375000000000015,0.01106600000000002,0.012849999999999362,0.01882999999999946,0.07048199999999838,0.037209000000004266,0.05695199999999545,0.06569599999999554,0.04750099999999691,0.05442100000000494,1.748275999999919,0.0017579999999999263,0.009056000000000175,0.01798800000000078,0.02802900000000008,0.035287999999997766,0.0438699999999983,0.0505939999999967,0.06218499999999949,0.06503999999999621,0.07640099999998995,2.5762660000000324,0.0018129999999999535,0.004773000000000138,0.007115000000000649,0.031571000000003124,0.022800000000000153,0.036991999999997915,0.06751500000000021,0.02662499999999568,0.02012399999999559,0.06125799999999515,3.8652240000001257
63,0.0014440000000000008,0.006430000000000158,0.015520000000000422,0.020936000000000732,0.032412000000000774,0.03200700000000012,0.09105799999999675,0.044516000000001554,0.08974199999998689,0.051717999999993935,2.4337580000000116,0.0017970000000000486,0.00905699999999987,0.018454000000000192,0.02738800000000019,0.033014999999998906,0.04359699999999833,0.051070000000002835,0.05690799999999285,0.06777900000000159,0.07577899999999715,2.561328000000003,0.0018489999999999895,0.015971999999999653,0.012313000000000685,0.03624499999999742,0.04797900000000155,0.06163499999999544,0.04303499999999616,0.07661499999998966,0.04671199999999942,0.04513600000001361,2.897269999999935
64,0.0016090000000000826,0.006426000000000043,0.015677000000000163,0.01965000000000039,0.02740400000000065,0.05096400000000045,0.03617500000000007,0.04171199999999686,0.04962400000000855,0.05916299999999808,2.085122999999953,0.001815000000000011,0.009103000000000083,0.018223000000000766,0.027200000000000557,0.034257000000000204,0.0434449999999984,0.055399999999998784,0.05951899999999455,0.06574299999999766,0.07862500000000239,2.4240120000000616,0.0014370000000000216,0.009179000000000048,0.014939999999999287,0.03258899999999798,0.0110319999999966,0.032569999999999766,0.06121299999999508,0.06368900000001076,0.0802410000000009,0.0782520000000062,2.4347210000000814
65,0.0011929999999999996,0.00819700000000001,0.014873999999999832,0.02711000000000041,0.032085999999999615,0.06726499999999902,0.05511699999999564,0.053591000000004385,0.09031800000001056,0.07658499999999435,1.9042779999999766,0.0017530000000000046,0.009097999999999828,0.01872900000000044,0.027262999999999593,0.033939000000000163,0.04536600000000135,0.059863999999997475,0.05821000000000254,0.06474900000000616,0.07413100000000838,2.603204000000005,0.0013360000000000039,0.007228000000000012,0.018022000000000205,0.01885300000000001,0.01771299999999698,0.04693299999999567,0.05045599999999695,0.0673890000000057,0.09594799999999282,0.12204900000000407,5.001476000000139
66,0.0012290000000000356,0.006531999999999982,0.0151589999999997,0.022935000000000372,0.030671999999999144,0.05395200000000244,0.037117000000002065,0.06495800000000429,0.05828400000000045,0.053594000000003916,2.132536000000073,0.0017279999999999518,0.009078999999999837,0.018686999999999898,0.02676100000000048,0.033287999999998874,0.04609800000000064,0.04988300000000123,0.05799599999998861,0.06510899999999253,0.07413099999999417,2.5894419999999627,0.001418999999999948,0.012751999999999875,0.022757999999999612,0.023534000000001498,0.039877000000000606,0.04212900000000275,0.06488899999999376,0.09769799999999407,0.05647199999999941,0.07846399999999676,3.1486110000000735
67,0.0013360000000000039,0.00691799999999998,0.015189999999999593,0.01766600000000018,0.026390999999996723,0.044825000000003,0.05605400000000316,0.04632199999999642,0.058980999999988626,0.0555129999999906,1.78951799999993,0.0017570000000000086,0.009031999999999929,0.018631999999999316,0.02736499999999964,0.033806999999999476,0.0457139999999967,0.04889999999999617,0.05702999999999747,0.06578899999999521,0.07756200000000035,2.5509400000000824,0.0038929999999999243,0.00702199999999964,0.01870800000000017,0.02579499999999868,0.03205300000000122,0.041360000000004504,0.050663000000000125,0.03233500000000333,0.07056099999999788,0.09955300000000022,1.7922879999998713
68,0.0013889999999999736,0.01194200000000012,0.025495000000000267,0.02120200000000061,0.049393999999999494,0.044552000000003034,0.0356700000000032,0.04509200000000391,0.10528000000000759,0.05655399999999133,2.1147849999999835,0.0017679999999999918,0.009034000000000209,0.018181000000000225,0.028411999999999438,0.03325500000000048,0.04563200000000478,0.049421999999999855,0.058014999999997485,0.07935200000000009,0.07501999999999498,2.5494300000000294,0.0029760000000000897,0.006793999999999745,0.012802999999999898,0.04046500000000108,0.02680600000000055,0.0456439999999958,0.08246299999999707,0.08259800000000439,0.0643490000000071,0.06332199999999943,1.8052430000000186
69,0.0012999999999999678,0.0068109999999999005,0.017227000000000103,0.024697999999999,0.0402079999999998,0.03348100000000187,0.045507999999998106,0.0677610000000044,0.061385000000001355,0.04948900000000833,1.8625180000000228,0.0017819999999999503,0.009071999999999747,0.01825300000000052,0.027796999999999628,0.03312000000000026,0.04854000000000269,0.04921600000000126,0.06164900000000273,0.0681030000000078,0.07623200000000452,2.5380189999998493,0.001950999999999925,0.007690999999999892,0.019847000000000392,0.03323299999999918,0.04542299999999955,0.023870999999999754,0.09568999999999761,0.041854000000000724,0.124219999999994,0.050407000000006974,2.654209000000037
70,0.0012569999999999526,0.009519000000000055,0.011719000000000257,0.017727000000000714,0.028860999999999137,0.029486000000005674,0.055455999999999506,0.04602099999999609,0.08945799999999338,0.07366299999999626,3.7295110000000022,0.0017690000000000206,0.009095999999999993,0.01792599999999922,0.027387999999998414,0.03313299999999941,0.045940000000001646,0.05268300000000181,0.05741700000000094,0.06864899999999352,0.09732599999999536,2.435318999999936,0.001574999999999993,0.009041999999999994,0.01547500000000035,0.018213999999996844,0.02272400000000019,0.05286500000000416,0.037980999999994935,0.09392800000000534,0.079425999999998,0.07916899999999316,6.498141999999916
71,0.001646999999999954,0.008943999999999841,0.013673999999999964,0.02556400000000103,0.027068000000003423,0.031398000000002924,0.06659499999999952,0.1093789999999899,0.05229500000000087,0.11079699999999093,2.9581809999999678,0.0017770000000000286,0.009031000000000233,0.018625000000000114,0.026730000000000587,0.033474999999999255,0.044975000000000875,0.049901999999995894,0.05658100000000843,0.0652639999999991,0.0751640000000009,2.4481889999999566,0.0017260000000000053,0.00997199999999987,0.021198999999999302,0.010415999999999315,0.028015999999997376,0.050502999999999076,0.059660000000000935,0.05421200000000681,0.08966099999999244,0.05547099999999716,3.7314229999999498
72,0.001643000000000061,0.007395999999999958,0.021016000000000368,0.03316500000000033,0.025518000000001706,0.03144600000000253,0.040338000000005536,0.07344600000000412,0.07147600000000409,0.05034199999998634,3.0667799999999943,0.001754999999999951,0.009047999999999945,0.018383000000000038,0.027524000000001436,0.03300599999999676,0.04519200000000012,0.050979000000005215,0.05654800000000648,0.06491300000000422,0.07707100000000366,2.5670329999998103,0.0024450000000000305,0.004122000000000181,0.021565999999999974,0.02566099999999949,0.020483999999999725,0.051598999999995954,0.08532600000000201,0.0614710000000116,0.09135499999999297,0.10036999999999807,4.61262499999998
73,0.0014799999999999258,0.008299000000000056,0.012125000000000163,0.01839999999999975,0.02709700000000126,0.032463999999997384,0.043925000000001546,0.06477999999999895,0.07077699999999254,0.0879589999999979,1.8994820000000345,0.0017610000000000126,0.00921800000000017,0.01856900000000028,0.028141000000001526,0.034441000000001054,0.045940000000001646,0.04967800000000011,0.059290000000004284,0.06485000000000696,0.07622899999999788,2.523883000000069,0.00233899999999998,0.011970000000000258,0.038923000000000485,0.02718399999999832,0.04503700000000066,0.038234000000002766,0.05812299999999482,0.10094999999999743,0.05271999999999366,0.06511299999999665,2.4399130000001605
74,0.0015839999999999188,0.010213999999999945,0.023603999999999736,0.04321100000000122,0.023462999999999568,0.027484000000001174,0.0345879999999994,0.042183999999991784,0.04710700000001111,0.05366300000000024,3.1646639999999024,0.0017810000000000326,0.009379000000000026,0.018361000000000516,0.03605899999999984,0.0354309999999991,0.048091999999996915,0.050041000000000224,0.05745199999999784,0.06512800000000141,0.0766490000000033,2.461240000000089,0.0012590000000000101,0.009743999999999975,0.02104300000000059,0.024387000000000825,0.0115949999999998,0.0711379999999977,0.06382899999999836,0.015928000000002385,0.05770400000000109,0.09360800000000324,5.4493680000000495
75,0.0012870000000000381,0.009457000000000049,0.019573000000000285,0.03307700000000047,0.033939000000000163,0.030985999999998626,0.05505899999999997,0.044556999999997515,0.05048100000000488,0.05812500000000398,4.4726779999999735,0.001759000000000066,0.009350999999999665,0.018664999999999488,0.03326599999999935,0.034914000000000556,0.04479899999999759,0.05040499999999781,0.06053699999999651,0.06627100000000041,0.07736599999999783,2.592452000000094,0.0019540000000000113,0.010032999999999959,0.014526000000000039,0.024200000000000443,0.02572099999999722,0.05790299999999604,0.05919700000000461,0.04817500000000052,0.06332999999999345,0.06240400000000079,0.9337090000001353
76,0.0010370000000000656,0.009408000000000083,0.02258300000000002,0.016974000000001155,0.03543899999999667,0.03844299999999379,0.036634999999996865,0.06209099999999523,0.058205999999998426,0.086394999999996,2.0033079999999472,0.0017679999999999918,0.009030000000000094,0.018373000000000417,0.029312000000000893,0.03421900000000022,0.046722000000002595,0.04900999999999556,0.06154899999999941,0.06625599999999565,0.07485799999999188,2.575705000000198,0.0007800000000000029,0.009025999999999978,0.03675699999999971,0.0171910000000004,0.042373000000001326,0.0122169999999997,0.048496000000000095,0.0423720000000003,0.04117299999998636,0.13249799999999823,5.238925000000108
77,0.0011259999999999604,0.00848099999999996,0.016892999999999603,0.02364399999999911,0.04941399999999874,0.03523299999999807,0.0338390000000004,0.06946499999999389,0.055818000000002144,0.12732400000000155,1.562689999999975,0.001771000000000078,0.009250999999999898,0.019142999999999688,0.027433999999999514,0.04163199999999989,0.0456310000000002,0.04884799999999956,0.05764699999998868,0.06781599999999344,0.07417300000000182,2.557596999999987,0.0008240000000000469,0.009005999999999847,0.021152999999999977,0.023733000000000004,0.034365999999998564,0.05189399999999722,0.044415999999998235,0.046662999999995236,0.06732399999999927,0.06301799999999957,4.569821000000047
78,0.0013819999999999943,0.010472999999999955,0.02503299999999964,0.020196000000000325,0.02655499999999833,0.047232999999998526,0.04731000000000307,0.0429059999999879,0.05513499999999283,0.048171999999993886,1.4593570000000682,0.001759000000000066,0.009126999999999885,0.01780999999999988,0.02815299999999965,0.034642000000001616,0.04656100000000407,0.04900299999999902,0.05680900000000122,0.06554300000000524,0.07358899999999835,2.5384330000001682,0.003127000000000102,0.00797099999999995,0.013853000000001003,0.02698300000000131,0.0284639999999996,0.07805800000000573,0.06350100000000225,0.04218000000000188,0.09158499999999492,0.07835499999998774,1.6100200000000768
79,0.0011320000000000219,0.006316999999999906,0.01814000000000071,0.033775999999999584,0.027037999999997453,0.0370410000000021,0.03396800000000155,0.038223000000002116,0.06069300000000055,0.049106000000008976,1.5252590000000055,0.0017899999999999583,0.009047999999999945,0.01858100000000018,0.027510000000001256,0.035461999999998994,0.04812500000000597,0.05107599999999479,0.056657999999998765,0.06575000000000841,0.07473800000001063,2.552949000000126,0.0014600000000000168,0.013504999999999878,0.011559999999999349,0.037272000000001526,0.008469000000001614,0.0805559999999943,0.08882799999999946,0.10028300000000456,0.058239000000000374,0.061308999999994285,3.4571609999998145
80,0.0016290000000001026,0.00858099999999995,0.014336000000000126,0.0186989999999998,0.029446000000000083,0.040440999999994176,0.03599600000000436,0.07379799999999648,0.05034100000000308,0.1269139999999993,2.3896219999999175,0.001774999999999971,0.009078000000000142,0.018292999999999893,0.02782299999999971,0.034656000000001796,0.04628500000000457,0.05141700000000071,0.05660100000000057,0.06464499999999873,0.07521299999999087,2.411284999999907,0.0022060000000000413,0.015413000000000121,0.019692999999998406,0.022099000000000757,0.016351000000000226,0.031045999999996354,0.04428699999999708,0.06831100000000845,0.08198699999999803,0.058171999999999,4.645145999999841
81,0.001843000000000039,0.008299000000000056,0.011854999999999727,0.02463200000000043,0.02796999999999983,0.031207000000001983,0.03381800000000368,0.056535999999994146,0.05823499999999626,0.06807100000000332,1.8089680000000499,0.001755000000000062,0.009608999999999757,0.01965200000000067,0.02627199999999874,0.0336919999999985,0.046181000000004246,0.049045999999997036,0.060090999999999894,0.06522499999999809,0.07878099999999222,2.580658000000085,0.0011979999999999214,0.008396999999999988,0.031601999999999464,0.017853999999999814,0.03403700000000143,0.0201849999999979,0.053820000000001755,0.06599500000000091,0.056573000000000206,0.08387399999999445,2.7234289999998964
82,0.0011539999999999884,0.007205000000000128,0.012890999999999764,0.020494000000001122,0.0315259999999995,0.04384000000000299,0.05648800000000165,0.0620140000000049,0.05705500000000541,0.09087999999999852,1.7859770000000026,0.0017860000000000653,0.00974200000000014,0.018301000000000123,0.027604000000000184,0.03331700000000026,0.0461389999999966,0.04970700000000505,0.06415400000000204,0.06515199999999766,0.07720500000000641,2.5936729999998533,0.001690999999999998,0.011812000000000378,0.012273000000000422,0.03335699999999875,0.007645000000000124,0.05611899999999537,0.05902299999999627,0.07896300000000167,0.07519099999998957,0.08016999999999541,1.884420000000091
83,0.001951000000000036,0.006876000000000104,0.015614000000000239,0.0183990000000005,0.03178100000000228,0.0338040000000035,0.054960999999998705,0.0445619999999991,0.07123200000000907,0.12813900000000444,1.5850199999999859,0.0017620000000000413,0.009142999999999901,0.018164999999999765,0.02772900000000078,0.03332800000000091,0.04518199999999695,0.05250700000000563,0.05980699999999217,0.06973000000000695,0.07512400000000241,2.445528000000195,0.0022619999999999862,0.009093000000000018,0.012430000000000163,0.038706999999998715,0.04561700000000002,0.057201999999996644,0.057130999999998267,0.10291700000000503,0.049285999999995056,0.05955099999999902,2.1032869999999093
84,0.001550999999999969,0.007220999999999922,0.024556999999999718,0.026724999999999,0.02695500000000095,0.033467999999999165,0.03580399999999884,0.04294699999999807,0.061259000000006836,0.05819199999999114,2.5674099999999953,0.0017660000000000453,0.009466999999999892,0.019231000000000442,0.026860000000000994,0.033297999999998495,0.046621999999999275,0.05224000000000473,0.058827000000007956,0.0679360000000031,0.0751510000000053,2.5575050000002193,0.0012379999999999614,0.006310000000000038,0.015696000000000154,0.03234899999999996,0.04506399999999999,0.03132200000000296,0.047860000000000014,0.08365799999999979,0.07269200000000353,0.07153999999999883,3.2158220000001165
85,0.0015729999999999356,0.007873999999999937,0.023112999999999495,0.021827999999999292,0.02377599999999802,0.03054999999999808,0.03728799999999666,0.06146199999999169,0.10843300000000511,0.06146000000001095,1.5564669999999978,0.0017530000000000046,0.009189000000000114,0.01901799999999998,0.026225999999999416,0.03408800000000056,0.047142000000000905,0.04904200000000003,0.05743900000000224,0.07201999999999487,0.09198600000000567,2.5676959999998417,0.0009709999999999441,0.010152999999999857,0.013861999999999597,0.026314999999996758,0.0264710000000008,0.06258400000000108,0.04922799999999938,0.060087000000009994,0.07744499999999732,0.06439899999999454,3.3990000000001146
86,0.0013560000000000239,0.00704400000000005,0.0137830000000001,0.024953000000000003,0.0234659999999991,0.03087099999999765,0.04299199999999814,0.07406600000000196,0.052998999999999796,0.06211199999999906,3.0011520000000473,0.0017769999999999175,0.009633000000000003,0.018982000000000276,0.02856999999999843,0.033389999999997144,0.04556699999999836,0.04886600000000385,0.057342000000005555,0.0812219999999968,0.07652199999999709,2.591811000000007,0.0010510000000000241,0.011228000000000016,0.005815000000000126,0.045391999999999655,0.04717399999999827,0.0341980000000035,0.05979099999999704,0.10241399999999601,0.06929599999999425,0.05565599999999904,3.554433999999901
87,0.001326999999999967,0.006960999999999995,0.01591999999999949,0.02804000000000073,0.022428999999998922,0.034243000000003576,0.04961099999999874,0.046554999999997904,0.052908000000002176,0.08106899999999939,1.7951649999999972,0.001759000000000066,0.009403000000000272,0.019105999999999845,0.027256999999998754,0.03332100000000082,0.04520300000000077,0.049272999999999456,0.0586980000000068,0.06535900000000083,0.07730399999999804,2.610725000000002,0.0026919999999999167,0.011164999999999647,0.028887000000000995,0.03071199999999763,0.03491299999999953,0.029612000000000194,0.026050999999995383,0.034332000000006246,0.04643199999999581,0.15584000000001197,2.169992000000093
88,0.0011710000000000331,0.010499999999999954,0.016945999999999906,0.01778499999999994,0.07469099999999784,0.030773000000003492,0.041960999999993476,0.04399300000000039,0.050499999999999545,0.05061800000000005,2.297698999999966,0.001810999999999896,0.009255000000000013,0.018507000000000495,0.027732000000000312,0.03359599999999929,0.0433969999999988,0.05870000000000175,0.05688100000000418,0.06529999999999347,0.07711100000000215,2.5151569999998173,0.0027009999999999534,0.008973999999999815,0.011535000000000295,0.031192000000000775,0.022793000000000063,0.03529599999999533,0.0437209999999979,0.05848899999999446,0.0800570000000107,0.0795269999999988,2.460446999999931
89,0.0014780000000000904,0.006288999999999989,0.014473999999999876,0.03290299999999924,0.022458999999997786,0.029119999999998925,0.044730999999998744,0.056812000000007856,0.06417899999999577,0.04698600000000397,2.0157469999999194,0.0017660000000000453,0.009152999999999967,0.018616999999999884,0.026436000000000348,0.03338199999999958,0.04282600000000514,0.054158999999998514,0.05695500000000209,0.06634400000000085,0.07397300000000939,2.4553229999999076,0.0018579999999999153,0.010998999999999981,0.014502000000000237,0.019320999999997923,0.03904199999999847,0.05190999999999946,0.04422199999999776,0.02060199999999668,0.06496600000001251,0.06125499999998851,3.720201999999972
90,0.0011449999999999516,0.007641999999999927,0.011548999999999587,0.01855600000000024,0.027142999999998807,0.04434999999999434,0.07282100000000469,0.1025939999999963,0.05994900000000314,0.05909300000000428,2.534028000000035,0.0017559999999999798,0.009081000000000117,0.01840500000000045,0.027143999999999835,0.03370100000000065,0.04280599999999879,0.050330999999999904,0.05950199999999484,0.06831900000000246,0.07644999999999413,2.5513160000000425,0.0011160000000000059,0.010496999999999979,0.02728700000000117,0.023489000000001425,0.029609000000000663,0.02462699999999529,0.06496299999999877,0.03740200000000016,0.0731360000000052,0.06424200000000724,3.8569699999998193
91,0.0013170000000000126,0.006834000000000007,0.014836999999999989,0.020235000000001335,0.030127000000000237,0.028406000000003928,0.06846999999999781,0.08004400000000089,0.0688870000000037,0.16191499999999337,1.8774569999999358,0.0017660000000000453,0.009166999999999703,0.018698000000000548,0.02706599999999959,0.03381099999999648,0.042146999999999935,0.05244200000000632,0.05819999999999936,0.06641100000000222,0.07462999999999909,2.55088499999988,0.0010899999999999244,0.012245000000000061,0.010514000000000578,0.03353300000000203,0.03348700000000093,0.03976199999999608,0.038575999999999055,0.06048099999999579,0.0652510000000035,0.09547400000001005,1.1380369999999402
92,0.001838999999999924,0.006474000000000091,0.016179000000000165,0.02707299999999968,0.02721000000000018,0.03216900000000322,0.04628299999999541,0.043937999999997146,0.07726300000000208,0.07610700000000747,1.6428050000000667,0.0017930000000000446,0.009114999999999984,0.018987000000000087,0.028083999999999776,0.033279999999997756,0.0426259999999985,0.05028800000000189,0.05866400000000738,0.0682690000000008,0.07393000000000427,2.575264000000061,0.0011499999999999844,0.016019000000000005,0.02322200000000052,0.022565000000000168,0.020042000000000115,0.027648999999996704,0.06220000000000425,0.055869999999998754,0.05641200000000879,0.06569600000000264,3.8857499999999163
93,0.0013330000000000286,0.008772000000000002,0.021417999999999715,0.038791000000001574,0.04506800000000055,0.03928399999999499,0.04654400000000436,0.08037500000000364,0.07969900000000507,0.06108400000000813,1.517955000000029,0.0017660000000000453,0.009139999999999926,0.018695000000000128,0.028482999999999592,0.03330300000000008,0.04363999999999635,0.05056799999999839,0.05869599999999764,0.06572099999999637,0.07608299999999701,2.4280509999998685,0.0025450000000000195,0.00929800000000025,0.019598999999999478,0.014958999999997502,0.024457000000001727,0.05108300000000554,0.03074099999999902,0.03744299999999612,0.047888000000000375,0.09302700000000641,5.656795999999986
94,0.0014859999999999873,0.006368000000000151,0.021722000000000463,0.031610999999999834,0.04835899999999782,0.03304500000000132,0.04243600000000214,0.051675000000003024,0.07356099999999799,0.050573999999997454,2.1371319999999514,0.0017740000000000533,0.009139999999999926,0.0183990000000005,0.027309999999999945,0.03338699999999761,0.043237000000004855,0.04929700000000281,0.05749899999999286,0.0647949999999895,0.07676999999999623,2.4165439999999307,0.0023600000000000287,0.0048880000000002255,0.018090000000000828,0.03259300000000209,0.04611500000000035,0.048348999999994646,0.022614999999994723,0.07648500000000524,0.05154999999999177,0.08589599999999109,4.015678000000207
95,0.0012670000000000181,0.009423999999999877,0.019408000000000314,0.019117000000001383,0.05151400000000095,0.06343899999999536,0.04135699999999787,0.04660399999998788,0.04614099999999155,0.062210000000007426,2.165866000000051,0.0017699999999999383,0.009167000000000147,0.018379000000000367,0.027974000000000387,0.033001999999999754,0.04338899999999768,0.05198999999999643,0.05704999999998961,0.06503999999999621,0.07413400000000081,2.5568430000000717,0.0018619999999999193,0.007986999999999966,0.020369000000000526,0.04046000000000305,0.05528600000000239,0.03208000000000055,0.02312499999999318,0.03698599999999885,0.07399699999999143,0.04592000000000951,1.8562610000001314
96,0.0011569999999999636,0.012005999999999961,0.036455000000000126,0.022767999999999233,0.02696300000000207,0.05277300000000196,0.045490999999998394,0.039512999999999465,0.07186400000000503,0.05745200000001205,2.5496689999999944,0.0017580000000000373,0.009066999999999936,0.018469000000000513,0.02768000000000015,0.03310899999999961,0.04223700000000008,0.0521269999999987,0.05680900000000122,0.06615899999999897,0.07388399999999251,2.5590649999999187,0.0016249999999999876,0.0050200000000000244,0.02909700000000015,0.021298000000001593,0.05562399999999812,0.05470100000000144,0.022737999999996816,0.024729999999991037,0.04974899999999138,0.10012899999999547,3.4198999999998705
97,0.0012159999999999949,0.007995999999999892,0.014053000000000537,0.03060799999999908,0.03343900000000133,0.035204000000000235,0.0362480000000005,0.056629999999998404,0.05733200000000238,0.1323900000000009,1.6681270000000268,0.0017800000000000038,0.009167000000000147,0.018207999999999558,0.027725999999999473,0.03300000000000125,0.04250700000000052,0.052348999999999535,0.05713000000000079,0.06858100000000888,0.07405199999999468,2.583304999999882,0.0020399999999999308,0.0052120000000002165,0.015142000000000877,0.0345770000000023,0.0486380000000004,0.02877900000000011,0.05036899999999633,0.08714899999999659,0.06417399999999418,0.04294099999999901,4.85330799999997
98,0.0011069999999999691,0.006772,0.017548000000000563,0.033945000000001,0.022075000000000955,0.043590000000001794,0.03574700000000064,0.04421800000000076,0.04924400000000162,0.06127700000000402,2.4096329999999853,0.0017979999999999663,0.009079999999999977,0.018308999999999465,0.02829499999999996,0.03300700000000134,0.04214900000000199,0.05317699999999803,0.05977700000001107,0.06596499999999139,0.07483000000000573,2.414880000000039,0.0016689999999999205,0.005894000000000066,0.019106000000000734,0.023614000000002022,0.04358799999999974,0.05724400000000429,0.048259000000001606,0.0589559999999949,0.016796999999996842,0.09128300000000422,0.9292689999999766
99,0.0016400000000000858,0.006936000000000053,0.017421000000000575,0.021058999999999273,0.0223949999999995,0.03983499999999651,0.0382630000000006,0.04367200000000082,0.05598400000000936,0.0701439999999991,2.0597340000000486,0.0017620000000000413,0.009158999999999917,0.01871899999999993,0.028354999999999464,0.03314099999999698,0.042084000000002675,0.053288999999999476,0.05904800000000421,0.06602699999999118,0.07727800000000684,2.560228000000052,0.0010499999999999954,0.006060999999999872,0.015840999999999994,0.01456100000000049,0.022196999999998468,0.060637999999997305,0.03079100000000068,0.037560999999996625,0.0752339999999947,0.07109200000000726,1.599758999999949
