version,GerryChain_Uniform,GerryChain_Uniform,GerryChain_Uniform,GerryChain_Uniform,GerryChain_Uniform,GerryChain_Uniform,GerryChain_Uniform,GerryChain_Uniform,GerryChain_Uniform,GerryChain_Uniform,GerryChain_MST,GerryChain_MST,GerryChain_MST,GerryChain_MST,GerryChain_MST,GerryChain_MST,GerryChain_MST,GerryChain_MST,GerryChain_MST,GerryChain_MST,DirectPartition_Uniform,DirectPartition_Uniform,DirectPartition_Uniform,DirectPartition_Uniform,DirectPartition_Uniform,DirectPartition_Uniform,DirectPartition_Uniform,DirectPartition_Uniform,DirectPartition_Uniform,DirectPartition_Uniform
n_size,256,1600,3136,4624,5776,7396,8836,10000,11664,12996,256,1600,3136,4624,5776,7396,8836,10000,11664,12996,256,1600,3136,4624,5776,7396,8836,10000,11664,12996
run,,,,,,,,,,,,,,,,,,,,,,,,,,,,,,
0,0.011253000000000013,,,,,,,,,,0.011556999999999817,,,,,,,,,,0.04533400000000043,,,,,,,,,
1,0.012715000000000032,,,,,,,,,,0.0019759999999990896,,,,,,,,,,0.004322000000001935,,,,,,,,,
2,0.011602000000000001,,,,,,,,,,0.009376999999998858,,,,,,,,,,0.04029699999999892,,,,,,,,,
3,0.0012260000000000049,,,,,,,,,,0.00367799999999896,,,,,,,,,,0.03910199999999975,,,,,,,,,
4,0.0013959999999999528,,,,,,,,,,0.003481999999999985,,,,,,,,,,0.02005800000000235,,,,,,,,,
5,0.022710000000000008,,,,,,,,,,0.0056939999999983115,,,,,,,,,,0.006655999999999551,,,,,,,,,
6,0.004264999999999963,,,,,,,,,,0.01078899999999905,,,,,,,,,,0.013194999999999624,,,,,,,,,
7,0.023163000000000045,,,,,,,,,,0.005331999999999226,,,,,,,,,,0.04561599999999899,,,,,,,,,
8,0.010630999999999946,,,,,,,,,,0.005456999999999823,,,,,,,,,,0.037082000000001614,,,,,,,,,
9,0.004045999999999994,,,,,,,,,,0.001782999999999646,,,,,,,,,,0.002626000000002904,,,,,,,,,
10,0.004595000000000016,,,,,,,,,,0.001772000000000773,,,,,,,,,,0.016269999999998674,,,,,,,,,
11,0.011140999999999956,,,,,,,,,,0.03337400000000024,,,,,,,,,,0.010939000000000476,,,,,,,,,
12,0.004318000000000044,,,,,,,,,,0.0035080000000000666,,,,,,,,,,0.013341000000000491,,,,,,,,,
13,0.010700000000000043,,,,,,,,,,0.003665999999999059,,,,,,,,,,0.029253999999998115,,,,,,,,,
14,0.0038849999999999163,,,,,,,,,,0.014044999999999419,,,,,,,,,,0.016918000000000433,,,,,,,,,
15,0.009105999999999947,,,,,,,,,,0.012589000000000183,,,,,,,,,,0.0026200000000002888,,,,,,,,,
16,0.003878000000000048,,,,,,,,,,0.003562000000000509,,,,,,,,,,0.0036759999999986803,,,,,,,,,
17,0.0027960000000000207,,,,,,,,,,0.014005000000000933,,,,,,,,,,0.005663999999999447,,,,,,,,,
18,0.0012409999999999366,,,,,,,,,,0.005444999999999922,,,,,,,,,,0.02200200000000052,,,,,,,,,
19,0.0035009999999999764,,,,,,,,,,0.0034080000000002997,,,,,,,,,,0.006338999999996986,,,,,,,,,
20,0.01400900000000005,,,,,,,,,,0.0017359999999992937,,,,,,,,,,0.004436999999999358,,,,,,,,,
21,0.013268999999999975,,,,,,,,,,0.0036880000000003577,,,,,,,,,,0.006243000000001331,,,,,,,,,
22,0.001519000000000048,,,,,,,,,,0.0018499999999992411,,,,,,,,,,0.004917000000002503,,,,,,,,,
23,0.049839999999999995,,,,,,,,,,0.003681999999999519,,,,,,,,,,0.01699299999999937,,,,,,,,,
24,0.018511999999999973,,,,,,,,,,0.0018700000000002603,,,,,,,,,,0.0016120000000015011,,,,,,,,,
25,0.003819000000000017,,,,,,,,,,0.003527000000000058,,,,,,,,,,0.02122500000000116,,,,,,,,,
26,0.005781999999999954,,,,,,,,,,0.008869999999999933,,,,,,,,,,0.011255000000002013,,,,,,,,,
27,0.0015560000000000018,,,,,,,,,,0.001900000000000901,,,,,,,,,,0.018129999999999313,,,,,,,,,
28,0.0014079999999999648,,,,,,,,,,0.006997000000000142,,,,,,,,,,0.003951000000000704,,,,,,,,,
29,0.0017939999999999623,,,,,,,,,,0.03097100000000097,,,,,,,,,,0.029518000000003042,,,,,,,,,
30,0.004121999999999959,,,,,,,,,,0.028713999999999018,,,,,,,,,,0.010580999999998397,,,,,,,,,
31,0.01419400000000004,,,,,,,,,,0.005433000000000021,,,,,,,,,,0.018843000000000387,,,,,,,,,
32,0.00969500000000001,,,,,,,,,,0.010968000000000089,,,,,,,,,,0.017590999999999468,,,,,,,,,
33,0.006171999999999955,,,,,,,,,,0.005459000000000103,,,,,,,,,,0.0444570000000013,,,,,,,,,
34,0.016021000000000063,,,,,,,,,,0.016116999999999493,,,,,,,,,,0.042626999999999526,,,,,,,,,
35,0.004399000000000042,,,,,,,,,,0.021413000000000793,,,,,,,,,,0.016365000000000407,,,,,,,,,
36,0.002894999999999981,,,,,,,,,,0.010712999999999084,,,,,,,,,,0.014556999999999931,,,,,,,,,
37,0.0047559999999999825,,,,,,,,,,0.0141050000000007,,,,,,,,,,0.014019000000001114,,,,,,,,,
38,0.007631000000000054,,,,,,,,,,0.009221000000000146,,,,,,,,,,0.022110000000001406,,,,,,,,,
39,0.007756999999999903,,,,,,,,,,0.012596999999999525,,,,,,,,,,0.004490000000000549,,,,,,,,,
40,0.005669999999999953,,,,,,,,,,0.00725399999999965,,,,,,,,,,0.002905999999999409,,,,,,,,,
41,0.02812900000000007,,,,,,,,,,0.01651799999999959,,,,,,,,,,0.008210000000001827,,,,,,,,,
42,0.008896999999999933,,,,,,,,,,0.007232000000000127,,,,,,,,,,0.007851999999999748,,,,,,,,,
43,0.011206999999999967,,,,,,,,,,0.019494999999999152,,,,,,,,,,0.006036999999999182,,,,,,,,,
44,0.009099999999999997,,,,,,,,,,0.04641499999999965,,,,,,,,,,0.003648000000001872,,,,,,,,,
45,0.013429000000000024,,,,,,,,,,0.010862999999998735,,,,,,,,,,0.03827700000000078,,,,,,,,,
46,0.02297400000000005,,,,,,,,,,0.0018729999999997915,,,,,,,,,,0.021542000000000172,,,,,,,,,
47,0.0018490000000001006,,,,,,,,,,0.0019179999999998643,,,,,,,,,,0.00910299999999964,,,,,,,,,
48,0.0013680000000000359,,,,,,,,,,0.005334999999998757,,,,,,,,,,0.0006370000000011089,,,,,,,,,
49,0.0026639999999999997,,,,,,,,,,0.0036639999999987793,,,,,,,,,,0.008353000000003163,,,,,,,,,
50,0.012997000000000036,,,,,,,,,,0.005613999999999564,,,,,,,,,,0.0030219999999978597,,,,,,,,,
51,0.0033839999999999426,,,,,,,,,,0.012451000000000434,,,,,,,,,,0.007137000000000171,,,,,,,,,
52,0.005978000000000039,,,,,,,,,,0.010324000000000666,,,,,,,,,,0.008418999999999954,,,,,,,,,
53,0.004935000000000023,,,,,,,,,,0.0018810000000009097,,,,,,,,,,0.004895000000001204,,,,,,,,,
54,0.0038560000000000816,,,,,,,,,,0.007123999999999242,,,,,,,,,,0.0026960000000002537,,,,,,,,,
55,0.0024489999999999235,,,,,,,,,,0.012176000000000187,,,,,,,,,,0.005727999999997735,,,,,,,,,
56,0.002418999999999949,,,,,,,,,,0.012086000000000041,,,,,,,,,,0.030818000000000012,,,,,,,,,
57,0.004421999999999926,,,,,,,,,,0.012456000000000245,,,,,,,,,,0.020324999999999704,,,,,,,,,
58,0.005686999999999998,,,,,,,,,,0.06721699999999942,,,,,,,,,,0.018829000000000207,,,,,,,,,
59,0.028313000000000033,,,,,,,,,,0.007294999999999163,,,,,,,,,,0.008718999999999255,,,,,,,,,
60,0.0016959999999999198,,,,,,,,,,0.0018670000000007292,,,,,,,,,,0.0229600000000012,,,,,,,,,
61,0.007808999999999955,,,,,,,,,,0.012622000000000355,,,,,,,,,,0.00392100000000184,,,,,,,,,
62,0.0042839999999999545,,,,,,,,,,0.0018290000000007467,,,,,,,,,,0.013905000000001166,,,,,,,,,
63,0.008947000000000038,,,,,,,,,,0.0036009999999997433,,,,,,,,,,0.029413999999999163,,,,,,,,,
64,0.005553000000000141,,,,,,,,,,0.010832000000000619,,,,,,,,,,0.02079299999999762,,,,,,,,,
65,0.005271000000000026,,,,,,,,,,0.018029999999999546,,,,,,,,,,0.0018300000000017747,,,,,,,,,
66,0.008558999999999983,,,,,,,,,,0.001875000000000071,,,,,,,,,,0.006308999999998122,,,,,,,,,
67,0.005552999999999919,,,,,,,,,,0.00368499999999905,,,,,,,,,,0.005511999999999517,,,,,,,,,
68,0.013325000000000031,,,,,,,,,,0.0018029999999988888,,,,,,,,,,0.04797600000000202,,,,,,,,,
69,0.004233000000000153,,,,,,,,,,0.0017739999999992762,,,,,,,,,,0.002248000000001582,,,,,,,,,
70,0.016342999999999996,,,,,,,,,,0.03601399999999977,,,,,,,,,,0.0035249999999997783,,,,,,,,,
71,0.0015000000000000568,,,,,,,,,,0.0071630000000002525,,,,,,,,,,0.021935000000002702,,,,,,,,,
72,0.002319000000000182,,,,,,,,,,0.0035489999999995803,,,,,,,,,,0.04303900000000027,,,,,,,,,
73,0.004313000000000011,,,,,,,,,,0.0020239999999986935,,,,,,,,,,0.022693000000000296,,,,,,,,,
74,0.036256999999999984,,,,,,,,,,0.01112999999999964,,,,,,,,,,0.024772999999999712,,,,,,,,,
75,0.00657299999999994,,,,,,,,,,0.016586999999999463,,,,,,,,,,0.010170999999999708,,,,,,,,,
76,0.015216000000000118,,,,,,,,,,0.0019209999999993954,,,,,,,,,,0.006900999999999158,,,,,,,,,
77,0.017121000000000164,,,,,,,,,,0.005485999999999436,,,,,,,,,,0.01380800000000093,,,,,,,,,
78,0.011474999999999902,,,,,,,,,,0.007345000000000823,,,,,,,,,,0.02321799999999996,,,,,,,,,
79,0.009406000000000025,,,,,,,,,,0.003675000000001205,,,,,,,,,,0.0029229999999991207,,,,,,,,,
80,0.0013100000000001444,,,,,,,,,,0.007272000000000389,,,,,,,,,,0.01111799999999974,,,,,,,,,
81,0.007314000000000043,,,,,,,,,,0.018146999999999025,,,,,,,,,,0.012377000000000749,,,,,,,,,
82,0.0013279999999999959,,,,,,,,,,0.001910999999999774,,,,,,,,,,0.05103599999999986,,,,,,,,,
83,0.009677000000000158,,,,,,,,,,0.0018700000000002603,,,,,,,,,,0.012510999999999939,,,,,,,,,
84,0.0033929999999999794,,,,,,,,,,0.0036810000000002674,,,,,,,,,,0.009060000000001622,,,,,,,,,
85,0.025292000000000092,,,,,,,,,,0.019439000000000206,,,,,,,,,,0.005524000000001195,,,,,,,,,
86,0.005641999999999925,,,,,,,,,,0.0019080000000002428,,,,,,,,,,0.012039000000001465,,,,,,,,,
87,0.009109000000000034,,,,,,,,,,0.028648999999999702,,,,,,,,,,0.02513799999999833,,,,,,,,,
88,0.0011050000000001337,,,,,,,,,,0.023310999999999638,,,,,,,,,,0.025134999999998797,,,,,,,,,
89,0.011190000000000033,,,,,,,,,,0.0035480000000003287,,,,,,,,,,0.03525499999999937,,,,,,,,,
90,0.012517000000000111,,,,,,,,,,0.022465999999999653,,,,,,,,,,0.0036290000000001044,,,,,,,,,
91,0.0062279999999999,,,,,,,,,,0.0037760000000002236,,,,,,,,,,0.00892199999999832,,,,,,,,,
92,0.0064990000000000325,,,,,,,,,,0.01745099999999944,,,,,,,,,,0.011148999999999631,,,,,,,,,
93,0.0025569999999999204,,,,,,,,,,0.024710000000000676,,,,,,,,,,0.004436000000001883,,,,,,,,,
94,0.012891999999999904,,,,,,,,,,0.056544999999999845,,,,,,,,,,0.001733999999999014,,,,,,,,,
95,0.021005000000000162,,,,,,,,,,0.003437999999999164,,,,,,,,,,0.01153099999999796,,,,,,,,,
96,0.004383000000000026,,,,,,,,,,0.0036109999999993647,,,,,,,,,,0.0020830000000024995,,,,,,,,,
97,0.002529999999999921,,,,,,,,,,0.02647500000000136,,,,,,,,,,0.003294000000000352,,,,,,,,,
98,0.01222000000000012,,,,,,,,,,0.03462000000000032,,,,,,,,,,0.023952000000001306,,,,,,,,,
99,0.007770999999999972,,,,,,,,,,0.008741999999999805,,,,,,,,,,0.017662999999998874,,,,,,,,,
100,0.007854999999999945,,,,,,,,,,0.015787999999998803,,,,,,,,,,0.004993000000002468,,,,,,,,,
101,0.007611000000000034,,,,,,,,,,0.013917999999998543,,,,,,,,,,0.011343000000000103,,,,,,,,,
102,0.00429400000000002,,,,,,,,,,0.0019190000000008922,,,,,,,,,,0.005661999999997391,,,,,,,,,
103,0.01368400000000003,,,,,,,,,,0.01033999999999935,,,,,,,,,,0.01990599999999887,,,,,,,,,
104,0.0015179999999999083,,,,,,,,,,0.007110000000000838,,,,,,,,,,0.009924999999999073,,,,,,,,,
105,0.004322999999999855,,,,,,,,,,0.008620999999999768,,,,,,,,,,0.0024370000000004666,,,,,,,,,
106,0.016807999999999934,,,,,,,,,,0.0018209999999996285,,,,,,,,,,0.0008119999999998129,,,,,,,,,
107,0.001298999999999939,,,,,,,,,,0.010263999999999385,,,,,,,,,,0.007339999999999236,,,,,,,,,
108,0.00514799999999993,,,,,,,,,,0.010918999999999457,,,,,,,,,,0.009954000000000462,,,,,,,,,
109,0.001519000000000048,,,,,,,,,,0.00711800000000018,,,,,,,,,,0.022617999999997807,,,,,,,,,
110,0.0025260000000000282,,,,,,,,,,0.00868900000000039,,,,,,,,,,0.03795900000000074,,,,,,,,,
111,0.0032289999999999264,,,,,,,,,,0.047570000000000334,,,,,,,,,,0.03123499999999879,,,,,,,,,
112,0.008823000000000025,,,,,,,,,,0.0018489999999999895,,,,,,,,,,0.012460999999998279,,,,,,,,,
113,0.0025090000000000945,,,,,,,,,,0.007142999999999233,,,,,,,,,,0.012769999999999726,,,,,,,,,
114,0.0015890000000000626,,,,,,,,,,0.0035279999999993095,,,,,,,,,,0.04192400000000163,,,,,,,,,
115,0.004083000000000059,,,,,,,,,,0.0018019999999996372,,,,,,,,,,0.0013410000000000366,,,,,,,,,
116,0.013554000000000066,,,,,,,,,,0.001869999999998484,,,,,,,,,,0.008105000000000473,,,,,,,,,
117,0.0023599999999999177,,,,,,,,,,0.00369399999999942,,,,,,,,,,0.007695999999999259,,,,,,,,,
118,0.004713000000000189,,,,,,,,,,0.012291000000001162,,,,,,,,,,0.013079000000001173,,,,,,,,,
119,0.018205999999999944,,,,,,,,,,0.01232999999999862,,,,,,,,,,0.0076870000000006655,,,,,,,,,
120,0.004801999999999973,,,,,,,,,,0.0038130000000009545,,,,,,,,,,0.00814399999999793,,,,,,,,,
121,0.002323000000000075,,,,,,,,,,0.0017920000000000158,,,,,,,,,,0.004056999999999533,,,,,,,,,
122,0.005622999999999934,,,,,,,,,,0.01731700000000025,,,,,,,,,,0.004417000000000115,,,,,,,,,
123,0.005277999999999894,,,,,,,,,,0.016007000000000104,,,,,,,,,,0.01295199999999852,,,,,,,,,
124,0.002877999999999936,,,,,,,,,,0.026035000000000252,,,,,,,,,,0.04378200000000021,,,,,,,,,
125,0.025263999999999953,,,,,,,,,,0.003662000000000276,,,,,,,,,,0.012782999999998879,,,,,,,,,
126,0.04040900000000014,,,,,,,,,,0.0035199999999999676,,,,,,,,,,0.003109000000002027,,,,,,,,,
127,0.0332920000000001,,,,,,,,,,0.003493999999999886,,,,,,,,,,0.026818999999999704,,,,,,,,,
128,0.004204999999999792,,,,,,,,,,0.0035439999999997696,,,,,,,,,,0.01344699999999932,,,,,,,,,
129,0.0046079999999999455,,,,,,,,,,0.008891000000000204,,,,,,,,,,0.051006000000000995,,,,,,,,,
130,0.005984999999999907,,,,,,,,,,0.006942000000000448,,,,,,,,,,0.01948499999999953,,,,,,,,,
131,0.021822999999999926,,,,,,,,,,0.04906700000000086,,,,,,,,,,0.011957999999999913,,,,,,,,,
132,0.007524000000000086,,,,,,,,,,0.008839999999999293,,,,,,,,,,0.006568999999998937,,,,,,,,,
133,0.00224700000000011,,,,,,,,,,0.01393500000000003,,,,,,,,,,0.00613299999999839,,,,,,,,,
134,0.010682999999999998,,,,,,,,,,0.016484000000000165,,,,,,,,,,0.0026370000000000005,,,,,,,,,
135,0.010137000000000063,,,,,,,,,,0.0017970000000016029,,,,,,,,,,0.04046500000000108,,,,,,,,,
136,0.013229999999999853,,,,,,,,,,0.0017849999999999255,,,,,,,,,,0.02897599999999656,,,,,,,,,
137,0.0029080000000001327,,,,,,,,,,0.00867299999999993,,,,,,,,,,0.0016410000000028901,,,,,,,,,
138,0.00483699999999998,,,,,,,,,,0.03529799999999916,,,,,,,,,,0.021066999999998615,,,,,,,,,
139,0.003167000000000142,,,,,,,,,,0.007062000000001234,,,,,,,,,,0.0014329999999986853,,,,,,,,,
140,0.012596000000000052,,,,,,,,,,0.013954000000000022,,,,,,,,,,0.004588999999999288,,,,,,,,,
141,0.00448499999999985,,,,,,,,,,0.001809999999998979,,,,,,,,,,0.00371900000000025,,,,,,,,,
142,0.005161999999999889,,,,,,,,,,0.001794999999999547,,,,,,,,,,0.03958300000000037,,,,,,,,,
143,0.003017999999999965,,,,,,,,,,0.003527000000000058,,,,,,,,,,0.04340399999999889,,,,,,,,,
144,0.005220000000000002,,,,,,,,,,0.005544999999999689,,,,,,,,,,0.018900999999999613,,,,,,,,,
145,0.0035639999999999006,,,,,,,,,,0.031788999999999845,,,,,,,,,,0.004538000000000153,,,,,,,,,
146,0.005665999999999949,,,,,,,,,,0.006944999999999979,,,,,,,,,,0.021257999999999555,,,,,,,,,
147,0.00398900000000002,,,,,,,,,,0.005240999999999829,,,,,,,,,,0.030640000000001777,,,,,,,,,
148,0.0072470000000000034,,,,,,,,,,0.0019130000000000535,,,,,,,,,,0.01820499999999825,,,,,,,,,
149,0.0014079999999998538,,,,,,,,,,0.026068000000000424,,,,,,,,,,0.003294000000000352,,,,,,,,,
150,0.009611000000000036,,,,,,,,,,0.008889999999999176,,,,,,,,,,0.015149000000000967,,,,,,,,,
151,0.0018380000000000063,,,,,,,,,,0.006913000000000835,,,,,,,,,,0.04455199999999948,,,,,,,,,
152,0.004473000000000171,,,,,,,,,,0.00524399999999936,,,,,,,,,,0.010343999999999909,,,,,,,,,
153,0.007784999999999931,,,,,,,,,,0.005303999999998865,,,,,,,,,,0.017703000000000912,,,,,,,,,
154,0.012607000000000035,,,,,,,,,,0.012313999999999936,,,,,,,,,,0.00598799999999855,,,,,,,,,
155,0.002473999999999865,,,,,,,,,,0.019368000000000052,,,,,,,,,,0.009530999999999068,,,,,,,,,
156,0.005398000000000014,,,,,,,,,,0.036870999999999654,,,,,,,,,,0.007529000000001673,,,,,,,,,
157,0.00619000000000014,,,,,,,,,,0.003589999999999094,,,,,,,,,,0.011836999999999875,,,,,,,,,
158,0.0011639999999999429,,,,,,,,,,0.005302999999999614,,,,,,,,,,0.007692000000002253,,,,,,,,,
159,0.00952900000000012,,,,,,,,,,0.003605999999999554,,,,,,,,,,0.0009370000000004097,,,,,,,,,
160,0.0014920000000000488,,,,,,,,,,0.010321000000001135,,,,,,,,,,0.014207999999999998,,,,,,,,,
161,0.002910999999999886,,,,,,,,,,0.007032999999999845,,,,,,,,,,0.019719999999999516,,,,,,,,,
162,0.0012460000000000804,,,,,,,,,,0.003519000000000716,,,,,,,,,,0.01715199999999939,,,,,,,,,
163,0.0043199999999998795,,,,,,,,,,0.015784999999999272,,,,,,,,,,0.0089579999999998,,,,,,,,,
164,0.0044359999999998845,,,,,,,,,,0.0018299999999999983,,,,,,,,,,0.01467399999999941,,,,,,,,,
165,0.012062000000000017,,,,,,,,,,0.008908999999999168,,,,,,,,,,0.006067999999999074,,,,,,,,,
166,0.013398999999999939,,,,,,,,,,0.006994000000000611,,,,,,,,,,0.016201999999999828,,,,,,,,,
167,0.015385000000000204,,,,,,,,,,0.008860999999999564,,,,,,,,,,0.002880999999998579,,,,,,,,,
168,0.00555899999999987,,,,,,,,,,0.0313409999999994,,,,,,,,,,0.0027670000000021844,,,,,,,,,
169,0.00970099999999996,,,,,,,,,,0.0018010000000003856,,,,,,,,,,0.020578999999997905,,,,,,,,,
170,0.0015419999999999323,,,,,,,,,,0.005053000000000196,,,,,,,,,,0.021512000000001308,,,,,,,,,
171,0.0029799999999999827,,,,,,,,,,0.0054669999999994445,,,,,,,,,,0.01350100000000154,,,,,,,,,
172,0.0013119999999999798,,,,,,,,,,0.0215209999999999,,,,,,,,,,0.04698199999999986,,,,,,,,,
173,0.002717999999999998,,,,,,,,,,0.00184699999999971,,,,,,,,,,0.019952999999997445,,,,,,,,,
174,0.005676999999999932,,,,,,,,,,0.024644000000000332,,,,,,,,,,0.017775999999997794,,,,,,,,,
175,0.0034730000000000594,,,,,,,,,,0.005455999999998795,,,,,,,,,,0.008942000000001116,,,,,,,,,
176,0.013823999999999836,,,,,,,,,,0.01224200000000053,,,,,,,,,,0.02093800000000101,,,,,,,,,
177,0.009813000000000072,,,,,,,,,,0.02116599999999913,,,,,,,,,,0.04839799999999883,,,,,,,,,
178,0.00856100000000004,,,,,,,,,,0.005273000000000749,,,,,,,,,,0.05981599999999787,,,,,,,,,
179,0.0010959999999999859,,,,,,,,,,0.008952999999999989,,,,,,,,,,0.003081999999999141,,,,,,,,,
180,0.0013939999999998953,,,,,,,,,,0.00357400000000041,,,,,,,,,,0.0019770000000001176,,,,,,,,,
181,0.03029499999999996,,,,,,,,,,0.007006000000000512,,,,,,,,,,0.011082000000001813,,,,,,,,,
182,0.007835999999999732,,,,,,,,,,0.02629100000000051,,,,,,,,,,0.008182999999998941,,,,,,,,,
183,0.016322999999999865,,,,,,,,,,0.010423000000001181,,,,,,,,,,0.061986000000000985,,,,,,,,,
184,0.0013410000000000366,,,,,,,,,,0.0035949999999989046,,,,,,,,,,0.002979999999997318,,,,,,,,,
185,0.0026850000000000485,,,,,,,,,,0.02429099999999984,,,,,,,,,,0.005840000000002732,,,,,,,,,
186,0.009129000000000165,,,,,,,,,,0.008815999999999491,,,,,,,,,,0.03255400000000108,,,,,,,,,
187,0.003578999999999777,,,,,,,,,,0.029351000000000127,,,,,,,,,,0.009516000000001412,,,,,,,,,
188,0.05578300000000036,,,,,,,,,,0.008791000000000437,,,,,,,,,,0.002369999999999095,,,,,,,,,
189,0.0073750000000001315,,,,,,,,,,0.015800999999999732,,,,,,,,,,0.0028599999999983083,,,,,,,,,
190,0.010735999999999635,,,,,,,,,,0.008983999999999881,,,,,,,,,,0.018423999999999552,,,,,,,,,
191,0.008945000000000203,,,,,,,,,,0.02102900000000041,,,,,,,,,,0.008562999999998766,,,,,,,,,
192,0.014572999999999947,,,,,,,,,,0.0018170000000008457,,,,,,,,,,0.005668999999997482,,,,,,,,,
193,0.004797999999999636,,,,,,,,,,0.010633999999999588,,,,,,,,,,0.0375709999999998,,,,,,,,,
194,0.014393999999999796,,,,,,,,,,0.015820999999998975,,,,,,,,,,0.0048040000000000305,,,,,,,,,
195,0.0067230000000000345,,,,,,,,,,0.008580999999999506,,,,,,,,,,0.03470300000000037,,,,,,,,,
196,0.004874999999999741,,,,,,,,,,0.0018670000000007292,,,,,,,,,,0.05895399999999995,,,,,,,,,
197,0.008650999999999964,,,,,,,,,,0.005463000000000662,,,,,,,,,,0.005691000000002333,,,,,,,,,
198,0.011334000000000177,,,,,,,,,,0.005244999999998612,,,,,,,,,,0.007124000000001018,,,,,,,,,
199,0.015671000000000213,,,,,,,,,,0.0018150000000005662,,,,,,,,,,0.02242000000000033,,,,,,,,,
200,0.0017150000000003551,,,,,,,,,,0.003527000000000058,,,,,,,,,,0.0035850000000010596,,,,,,,,,
201,0.024971999999999994,,,,,,,,,,0.033369000000000426,,,,,,,,,,0.003975999999997981,,,,,,,,,
202,0.0023320000000000007,,,,,,,,,,0.010707000000000022,,,,,,,,,,0.004741000000002771,,,,,,,,,
203,0.014374999999999805,,,,,,,,,,0.0018560000000000798,,,,,,,,,,0.02488599999999863,,,,,,,,,
204,0.0025840000000001417,,,,,,,,,,0.010762999999998968,,,,,,,,,,0.016977000000000686,,,,,,,,,
205,0.001510999999999818,,,,,,,,,,0.003534000000000148,,,,,,,,,,0.01590699999999856,,,,,,,,,
206,0.021485999999999894,,,,,,,,,,0.04763899999999843,,,,,,,,,,0.017765999999998172,,,,,,,,,
207,0.001630999999999716,,,,,,,,,,0.003580000000001249,,,,,,,,,,0.0033330000000013627,,,,,,,,,
208,0.007627999999999968,,,,,,,,,,0.0019010000000001526,,,,,,,,,,0.04731499999999755,,,,,,,,,
209,0.0032329999999998194,,,,,,,,,,0.010424999999999685,,,,,,,,,,0.050224000000000046,,,,,,,,,
210,0.005488000000000159,,,,,,,,,,0.005221999999999838,,,,,,,,,,0.017528999999999684,,,,,,,,,
211,0.008145999999999987,,,,,,,,,,0.01406799999999997,,,,,,,,,,0.0023590000000019984,,,,,,,,,
212,0.0045959999999998224,,,,,,,,,,0.0052620000000001,,,,,,,,,,0.001729999999998455,,,,,,,,,
213,0.0028000000000001357,,,,,,,,,,0.007009999999999295,,,,,,,,,,0.029876000000001568,,,,,,,,,
214,0.013876999999999917,,,,,,,,,,0.00694799999999951,,,,,,,,,,0.02806500000000156,,,,,,,,,
215,0.0010779999999996903,,,,,,,,,,0.008883000000000862,,,,,,,,,,0.03469800000000234,,,,,,,,,
216,0.0075950000000002404,,,,,,,,,,0.0069699999999990325,,,,,,,,,,0.024817999999999785,,,,,,,,,
217,0.005122999999999767,,,,,,,,,,0.03297799999999995,,,,,,,,,,0.003267000000001019,,,,,,,,,
218,0.006127000000000216,,,,,,,,,,0.001824000000000936,,,,,,,,,,0.016784000000001242,,,,,,,,,
219,0.012950000000000017,,,,,,,,,,0.027726999999998725,,,,,,,,,,0.003385999999999001,,,,,,,,,
220,0.005832999999999977,,,,,,,,,,0.020814999999998918,,,,,,,,,,0.009131,,,,,,,,,
221,0.007031999999999705,,,,,,,,,,0.012249999999999872,,,,,,,,,,0.00950600000000179,,,,,,,,,
222,0.00541999999999998,,,,,,,,,,0.0035080000000000666,,,,,,,,,,0.0010380000000012046,,,,,,,,,
223,0.01223099999999988,,,,,,,,,,0.0035759999999989134,,,,,,,,,,0.011610999999998484,,,,,,,,,
224,0.0066710000000003156,,,,,,,,,,0.0033960000000003987,,,,,,,,,,0.007486999999997579,,,,,,,,,
225,0.0013849999999999696,,,,,,,,,,0.05028200000000105,,,,,,,,,,0.038584000000000174,,,,,,,,,
226,0.005614000000000008,,,,,,,,,,0.008846000000000132,,,,,,,,,,0.04380899999999954,,,,,,,,,
227,0.009511999999999965,,,,,,,,,,0.009066000000000685,,,,,,,,,,0.03074799999999911,,,,,,,,,
228,0.014140000000000263,,,,,,,,,,0.0033669999999990097,,,,,,,,,,0.007201999999999487,,,,,,,,,
229,0.010236000000000356,,,,,,,,,,0.02721399999999896,,,,,,,,,,0.010521999999998144,,,,,,,,,
230,0.005227999999999788,,,,,,,,,,0.005555999999998562,,,,,,,,,,0.0028900000000007253,,,,,,,,,
231,0.001490999999999687,,,,,,,,,,0.006710999999999245,,,,,,,,,,0.011645999999998935,,,,,,,,,
232,0.0015439999999999898,,,,,,,,,,0.003632000000001412,,,,,,,,,,0.03713300000000075,,,,,,,,,
233,0.009544999999999693,,,,,,,,,,0.010730999999999824,,,,,,,,,,0.03172599999999903,,,,,,,,,
234,0.005948000000000064,,,,,,,,,,0.0035439999999997696,,,,,,,,,,0.03560500000000033,,,,,,,,,
235,0.006897999999999627,,,,,,,,,,0.00525500000000001,,,,,,,,,,0.06023000000000067,,,,,,,,,
236,0.002210999999999963,,,,,,,,,,0.08906999999999954,,,,,,,,,,0.04506900000000158,,,,,,,,,
237,0.005306000000000033,,,,,,,,,,0.003510000000000346,,,,,,,,,,0.026617999999999142,,,,,,,,,
238,0.0072070000000001855,,,,,,,,,,0.0017969999999998265,,,,,,,,,,0.018452999999997388,,,,,,,,,
239,0.023537999999999837,,,,,,,,,,0.02274799999999999,,,,,,,,,,0.004788000000001347,,,,,,,,,
240,0.01099199999999989,,,,,,,,,,0.006994000000000611,,,,,,,,,,0.01677500000000265,,,,,,,,,
241,0.009539999999999882,,,,,,,,,,0.012284999999998547,,,,,,,,,,0.05546599999999913,,,,,,,,,
242,0.010403999999999858,,,,,,,,,,0.025907000000000124,,,,,,,,,,0.010118999999999545,,,,,,,,,
243,0.008478000000000208,,,,,,,,,,0.00542100000000012,,,,,,,,,,0.004583999999997701,,,,,,,,,
244,0.006274000000000335,,,,,,,,,,0.003614999999999924,,,,,,,,,,0.038478000000001344,,,,,,,,,
245,0.00511100000000031,,,,,,,,,,0.020942999999999046,,,,,,,,,,0.0072510000000001185,,,,,,,,,
246,0.020839000000000052,,,,,,,,,,0.033322000000000074,,,,,,,,,,0.005387000000002473,,,,,,,,,
247,0.0012539999999998663,,,,,,,,,,0.012219999999999231,,,,,,,,,,0.00974599999999981,,,,,,,,,
248,0.007629999999999804,,,,,,,,,,0.01054700000000075,,,,,,,,,,0.003802000000000305,,,,,,,,,
249,0.0012470000000002202,,,,,,,,,,0.00697300000000034,,,,,,,,,,0.034002000000000976,,,,,,,,,
250,0.011201999999999934,,,,,,,,,,0.0190210000000004,,,,,,,,,,0.021926000000000556,,,,,,,,,
251,0.005609000000000197,,,,,,,,,,0.022671000000000774,,,,,,,,,,0.0020530000000000825,,,,,,,,,
252,0.0012300000000000644,,,,,,,,,,0.02071800000000046,,,,,,,,,,0.015602999999998701,,,,,,,,,
253,0.01910899999999982,,,,,,,,,,0.021435000000000315,,,,,,,,,,0.002276000000001943,,,,,,,,,
254,0.0069590000000001595,,,,,,,,,,0.012086000000000041,,,,,,,,,,0.00782999999999845,,,,,,,,,
255,0.012337000000000042,,,,,,,,,,0.010794999999999888,,,,,,,,,,0.010692999999999842,,,,,,,,,
256,0.0012660000000002114,,,,,,,,,,0.0038119999999999266,,,,,,,,,,0.08724099999999879,,,,,,,,,
257,0.0015570000000000306,,,,,,,,,,0.009438000000001168,,,,,,,,,,0.008976999999998014,,,,,,,,,
258,0.0013849999999999696,,,,,,,,,,0.003783000000000314,,,,,,,,,,0.006761000000000905,,,,,,,,,
259,0.01462199999999969,,,,,,,,,,0.005437999999999832,,,,,,,,,,0.0022359999999999047,,,,,,,,,
260,0.0011830000000001561,,,,,,,,,,0.001886999999999972,,,,,,,,,,0.016241999999998313,,,,,,,,,
261,0.013027000000000122,,,,,,,,,,0.0034479999999987854,,,,,,,,,,0.023430999999998647,,,,,,,,,
262,0.0033009999999999984,,,,,,,,,,0.005160000000000053,,,,,,,,,,0.029192000000001883,,,,,,,,,
263,0.005279999999999951,,,,,,,,,,0.0019969999999993604,,,,,,,,,,0.021983000000002306,,,,,,,,,
264,0.009059999999999846,,,,,,,,,,0.007165999999999784,,,,,,,,,,0.007286999999998045,,,,,,,,,
265,0.002966999999999942,,,,,,,,,,0.0036159999999991754,,,,,,,,,,0.03980400000000017,,,,,,,,,
266,0.0011790000000000411,,,,,,,,,,0.024696999999999747,,,,,,,,,,0.012518000000000029,,,,,,,,,
267,0.005584999999999951,,,,,,,,,,0.009204000000000434,,,,,,,,,,0.0026679999999998927,,,,,,,,,
268,0.001258999999999677,,,,,,,,,,0.010569000000000273,,,,,,,,,,0.015161000000002645,,,,,,,,,
269,0.002359000000000222,,,,,,,,,,0.049594000000000804,,,,,,,,,,0.011884000000002004,,,,,,,,,
270,0.008402999999999938,,,,,,,,,,0.005119999999999791,,,,,,,,,,0.008196000000001646,,,,,,,,,
271,0.0011899999999998023,,,,,,,,,,0.017466000000000648,,,,,,,,,,0.016732999999998555,,,,,,,,,
272,0.002583000000000002,,,,,,,,,,0.0017849999999999255,,,,,,,,,,0.06972000000000023,,,,,,,,,
273,0.0011419999999997543,,,,,,,,,,0.012795999999999808,,,,,,,,,,0.012833999999998014,,,,,,,,,
274,0.0014279999999997628,,,,,,,,,,0.05662099999999981,,,,,,,,,,0.01565400000000139,,,,,,,,,
275,0.00231899999999996,,,,,,,,,,0.003632999999998887,,,,,,,,,,0.0024059999999970216,,,,,,,,,
276,0.0024690000000000545,,,,,,,,,,0.008727999999999625,,,,,,,,,,0.0026220000000023447,,,,,,,,,
277,0.005684999999999718,,,,,,,,,,0.02534499999999973,,,,,,,,,,0.006380000000000052,,,,,,,,,
278,0.005745000000000111,,,,,,,,,,0.021774999999999878,,,,,,,,,,0.02477400000000074,,,,,,,,,
279,0.007996000000000336,,,,,,,,,,0.014791999999999916,,,,,,,,,,0.0041930000000007794,,,,,,,,,
280,0.011620000000000186,,,,,,,,,,0.00553899999999885,,,,,,,,,,0.026061999999999585,,,,,,,,,
281,0.0021239999999997927,,,,,,,,,,0.014064000000001187,,,,,,,,,,0.004818000000000211,,,,,,,,,
282,0.0012479999999999158,,,,,,,,,,0.0038319999999991694,,,,,,,,,,0.03137100000000004,,,,,,,,,
283,0.0339529999999999,,,,,,,,,,0.003610000000000113,,,,,,,,,,0.005342999999999876,,,,,,,,,
284,0.004673000000000371,,,,,,,,,,0.010816000000000159,,,,,,,,,,0.0342070000000021,,,,,,,,,
285,0.013135999999999814,,,,,,,,,,0.005478000000000094,,,,,,,,,,0.016591999999999274,,,,,,,,,
286,0.001510999999999818,,,,,,,,,,0.03142700000000076,,,,,,,,,,0.01311099999999854,,,,,,,,,
287,0.010700999999999627,,,,,,,,,,0.020823000000000036,,,,,,,,,,0.021896999999999167,,,,,,,,,
288,0.0025879999999998127,,,,,,,,,,0.0018419999999998993,,,,,,,,,,0.02879400000000132,,,,,,,,,
289,0.009060999999999986,,,,,,,,,,0.005271999999999721,,,,,,,,,,0.005673999999999069,,,,,,,,,
290,0.008696000000000037,,,,,,,,,,0.008901000000001602,,,,,,,,,,0.021411000000000513,,,,,,,,,
291,0.017468999999999735,,,,,,,,,,0.03465399999999974,,,,,,,,,,0.0021239999999984605,,,,,,,,,
292,0.023063000000000056,,,,,,,,,,0.013795000000000002,,,,,,,,,,0.00349199999999783,,,,,,,,,
293,0.014285000000000103,,,,,,,,,,0.005079000000000278,,,,,,,,,,0.04170300000000182,,,,,,,,,
294,0.004862000000000144,,,,,,,,,,0.010848000000001079,,,,,,,,,,0.007986000000002491,,,,,,,,,
295,0.010199999999999765,,,,,,,,,,0.00880599999999987,,,,,,,,,,0.018181999999999476,,,,,,,,,
296,0.004267000000000021,,,,,,,,,,0.007329999999999615,,,,,,,,,,0.0018629999999966174,,,,,,,,,
297,0.00996599999999992,,,,,,,,,,0.01935300000000062,,,,,,,,,,0.05199100000000101,,,,,,,,,
298,0.027646999999999977,,,,,,,,,,0.005290000000000461,,,,,,,,,,0.026250000000000995,,,,,,,,,
299,0.013503999999999738,,,,,,,,,,0.01729899999999951,,,,,,,,,,0.01661200000000207,,,,,,,,,
300,0.0023979999999999,,,,,,,,,,0.008993999999999502,,,,,,,,,,0.0012910000000019295,,,,,,,,,
301,0.006620999999999988,,,,,,,,,,0.01749400000000101,,,,,,,,,,0.020184000000000424,,,,,,,,,
302,0.028065999999999924,,,,,,,,,,0.01745199999999869,,,,,,,,,,0.00754699999999886,,,,,,,,,
303,0.002721999999999891,,,,,,,,,,0.012309000000000125,,,,,,,,,,0.0165690000000005,,,,,,,,,
304,0.015118000000000187,,,,,,,,,,0.013923999999999381,,,,,,,,,,0.012132999999998617,,,,,,,,,
305,0.010568999999999829,,,,,,,,,,0.005323000000000633,,,,,,,,,,0.01748100000000008,,,,,,,,,
306,0.01849299999999987,,,,,,,,,,0.014123999999998915,,,,,,,,,,0.007297000000001219,,,,,,,,,
307,0.006552000000000113,,,,,,,,,,0.0035530000000001394,,,,,,,,,,0.0020050000000004786,,,,,,,,,
308,0.006626000000000243,,,,,,,,,,0.00706799999999852,,,,,,,,,,0.004046999999999912,,,,,,,,,
309,0.015554999999999986,,,,,,,,,,0.04500200000000021,,,,,,,,,,0.010933000000001414,,,,,,,,,
310,0.007337999999999845,,,,,,,,,,0.0019069999999992149,,,,,,,,,,0.012007000000000545,,,,,,,,,
311,0.012242000000000086,,,,,,,,,,0.01609700000000025,,,,,,,,,,0.002088000000000534,,,,,,,,,
312,0.0013999999999998458,,,,,,,,,,0.007298999999999722,,,,,,,,,,0.00740599999999958,,,,,,,,,
313,0.005508999999999986,,,,,,,,,,0.02307099999999984,,,,,,,,,,0.020134000000002317,,,,,,,,,
314,0.002521999999999913,,,,,,,,,,0.005335000000000534,,,,,,,,,,0.009888999999997594,,,,,,,,,
315,0.0085090000000001,,,,,,,,,,0.008416000000000423,,,,,,,,,,0.00861099999999837,,,,,,,,,
316,0.02383399999999991,,,,,,,,,,0.010763999999999996,,,,,,,,,,0.004417000000000115,,,,,,,,,
317,0.019851000000000063,,,,,,,,,,0.0077630000000006305,,,,,,,,,,0.02723500000000101,,,,,,,,,
318,0.0066030000000001365,,,,,,,,,,0.0035439999999997696,,,,,,,,,,0.00794000000000139,,,,,,,,,
319,0.009568999999999939,,,,,,,,,,0.03712400000000038,,,,,,,,,,0.014979999999997773,,,,,,,,,
320,0.016747000000000067,,,,,,,,,,0.026493000000000322,,,,,,,,,,0.021422000000001162,,,,,,,,,
321,0.005380999999999858,,,,,,,,,,0.022713000000001315,,,,,,,,,,0.01954500000000081,,,,,,,,,
322,0.004058000000000117,,,,,,,,,,0.019579000000000235,,,,,,,,,,0.01350100000000154,,,,,,,,,
323,0.004633000000000109,,,,,,,,,,0.03489699999999907,,,,,,,,,,0.0385040000000032,,,,,,,,,
324,0.0013890000000000846,,,,,,,,,,0.0035679999999995715,,,,,,,,,,0.01611600000000024,,,,,,,,,
325,0.005846000000000018,,,,,,,,,,0.003614999999999924,,,,,,,,,,0.003864999999997565,,,,,,,,,
326,0.018761000000000028,,,,,,,,,,0.019142999999999688,,,,,,,,,,0.03176500000000004,,,,,,,,,
327,0.015162999999999816,,,,,,,,,,0.0034970000000011936,,,,,,,,,,0.009997999999999507,,,,,,,,,
328,0.015613000000000099,,,,,,,,,,0.013918000000000319,,,,,,,,,,0.01196700000000206,,,,,,,,,
329,0.0047600000000000975,,,,,,,,,,0.0035199999999999676,,,,,,,,,,0.0048799999999999955,,,,,,,,,
330,0.010704000000000047,,,,,,,,,,0.0035250000000015547,,,,,,,,,,0.010006000000000626,,,,,,,,,
331,0.017751000000000072,,,,,,,,,,0.0018839999999986645,,,,,,,,,,0.005206999999998629,,,,,,,,,
332,0.012804000000000038,,,,,,,,,,0.027684000000000708,,,,,,,,,,0.006845999999999464,,,,,,,,,
333,0.002747000000000277,,,,,,,,,,0.0210480000000004,,,,,,,,,,0.005651000000000295,,,,,,,,,
334,0.001084000000000085,,,,,,,,,,0.0019290000000005136,,,,,,,,,,0.03820699999999988,,,,,,,,,
335,0.005684999999999718,,,,,,,,,,0.0018180000000000973,,,,,,,,,,0.008619999999996963,,,,,,,,,
336,0.0061029999999999696,,,,,,,,,,0.043358999999998815,,,,,,,,,,0.014520999999998452,,,,,,,,,
337,0.01460999999999979,,,,,,,,,,0.001834999999999809,,,,,,,,,,0.021781000000000716,,,,,,,,,
338,0.0069110000000001115,,,,,,,,,,0.003717999999999222,,,,,,,,,,0.0026089999999996394,,,,,,,,,
339,0.003042999999999907,,,,,,,,,,0.00526900000000019,,,,,,,,,,0.05066600000000321,,,,,,,,,
340,0.00339899999999993,,,,,,,,,,0.0035249999999997783,,,,,,,,,,0.004157000000002853,,,,,,,,,
341,0.00959000000000021,,,,,,,,,,0.005488999999998967,,,,,,,,,,0.0018209999999996285,,,,,,,,,
342,0.0012150000000001882,,,,,,,,,,0.01220999999999961,,,,,,,,,,0.009114000000000289,,,,,,,,,
343,0.012863000000000291,,,,,,,,,,0.005372000000001265,,,,,,,,,,0.00578400000000201,,,,,,,,,
344,0.04190400000000016,,,,,,,,,,0.0018129999999985102,,,,,,,,,,0.001245999999998304,,,,,,,,,
345,0.009638000000000257,,,,,,,,,,0.017568999999999946,,,,,,,,,,0.02733700000000283,,,,,,,,,
346,0.005808000000000035,,,,,,,,,,0.020782999999999774,,,,,,,,,,0.03626000000000218,,,,,,,,,
347,0.001212000000000213,,,,,,,,,,0.008983999999999881,,,,,,,,,,0.020098999999998313,,,,,,,,,
348,0.0026730000000001475,,,,,,,,,,0.015685999999998756,,,,,,,,,,0.003391000000000588,,,,,,,,,
349,0.006372999999999962,,,,,,,,,,0.02773100000000106,,,,,,,,,,0.005116000000001009,,,,,,,,,
350,0.005234000000000183,,,,,,,,,,0.007073000000000107,,,,,,,,,,0.044971000000000316,,,,,,,,,
351,0.005183999999999855,,,,,,,,,,0.001822999999999908,,,,,,,,,,0.015440000000001675,,,,,,,,,
352,0.022444999999999826,,,,,,,,,,0.006990999999999303,,,,,,,,,,0.04739000000000004,,,,,,,,,
353,0.00123099999999976,,,,,,,,,,0.008557999999998955,,,,,,,,,,0.011158999999999253,,,,,,,,,
354,0.008321000000000023,,,,,,,,,,0.005477000000000842,,,,,,,,,,0.016425999999999163,,,,,,,,,
355,0.007683000000000106,,,,,,,,,,0.024523000000000295,,,,,,,,,,0.010601999999998668,,,,,,,,,
356,0.004773000000000138,,,,,,,,,,0.005259000000000569,,,,,,,,,,0.010486000000000217,,,,,,,,,
357,0.0032170000000002474,,,,,,,,,,0.0035530000000001394,,,,,,,,,,0.0031929999999995573,,,,,,,,,
358,0.0028289999999997484,,,,,,,,,,0.00711800000000018,,,,,,,,,,0.0014740000000017517,,,,,,,,,
359,0.0058829999999998606,,,,,,,,,,0.015719999999999956,,,,,,,,,,0.0021679999999975053,,,,,,,,,
360,0.013071000000000055,,,,,,,,,,0.012317999999998719,,,,,,,,,,0.005781999999999954,,,,,,,,,
361,0.015661999999999843,,,,,,,,,,0.0035319999999998686,,,,,,,,,,0.019010999999999,,,,,,,,,
362,0.001202999999999843,,,,,,,,,,0.020595999999999393,,,,,,,,,,0.005243000000000109,,,,,,,,,
363,0.005090000000000039,,,,,,,,,,0.012757999999999825,,,,,,,,,,0.009542999999997193,,,,,,,,,
364,0.0030770000000002184,,,,,,,,,,0.005284000000001399,,,,,,,,,,0.0263809999999971,,,,,,,,,
365,0.0034129999999996663,,,,,,,,,,0.0035210000000009956,,,,,,,,,,0.00619000000000014,,,,,,,,,
366,0.00937100000000024,,,,,,,,,,0.0071400000000014785,,,,,,,,,,0.007252000000001146,,,,,,,,,
367,0.002375000000000238,,,,,,,,,,0.006987000000000521,,,,,,,,,,0.0016359999999977504,,,,,,,,,
368,0.003623000000000154,,,,,,,,,,0.005379000000001355,,,,,,,,,,0.01369200000000248,,,,,,,,,
369,0.007184999999999775,,,,,,,,,,0.006899999999999906,,,,,,,,,,0.0034330000000011296,,,,,,,,,
370,0.013693999999999651,,,,,,,,,,0.005331999999999226,,,,,,,,,,0.009136999999999063,,,,,,,,,
371,0.007182999999999939,,,,,,,,,,0.005571999999999022,,,,,,,,,,0.020485000000000753,,,,,,,,,
372,0.0010959999999999859,,,,,,,,,,0.014071999999998752,,,,,,,,,,0.013374999999999915,,,,,,,,,
373,0.0086820000000003,,,,,,,,,,0.0017519999999997538,,,,,,,,,,0.025247999999997717,,,,,,,,,
374,0.004542999999999964,,,,,,,,,,0.0034100000000005792,,,,,,,,,,0.003892999999997926,,,,,,,,,
375,0.01105299999999998,,,,,,,,,,0.010811000000000348,,,,,,,,,,0.028669999999998197,,,,,,,,,
376,0.0023089999999998945,,,,,,,,,,0.012441000000000813,,,,,,,,,,0.014873999999998944,,,,,,,,,
377,0.008567999999999909,,,,,,,,,,0.003678999999999988,,,,,,,,,,0.025860999999999024,,,,,,,,,
378,0.005078999999999834,,,,,,,,,,0.006758999999998849,,,,,,,,,,0.006861000000000672,,,,,,,,,
379,0.0013819999999999943,,,,,,,,,,0.010721000000000203,,,,,,,,,,0.010702999999999463,,,,,,,,,
380,0.0178379999999998,,,,,,,,,,0.0017599999999990956,,,,,,,,,,0.0075819999999993115,,,,,,,,,
381,0.016827000000000147,,,,,,,,,,0.00545500000000132,,,,,,,,,,0.0023590000000019984,,,,,,,,,
382,0.0041400000000000325,,,,,,,,,,0.026445000000000718,,,,,,,,,,0.04138900000000234,,,,,,,,,
383,0.043174000000000046,,,,,,,,,,0.027957000000000676,,,,,,,,,,0.02379099999999923,,,,,,,,,
384,0.0024160000000001958,,,,,,,,,,0.012197999999999709,,,,,,,,,,0.0038589999999985025,,,,,,,,,
385,0.005441000000000251,,,,,,,,,,0.001806999999999448,,,,,,,,,,0.0010729999999981032,,,,,,,,,
386,0.003041999999999767,,,,,,,,,,0.007122000000000739,,,,,,,,,,0.01267700000000005,,,,,,,,,
387,0.014584999999999848,,,,,,,,,,0.010432999999999026,,,,,,,,,,0.0026879999999991355,,,,,,,,,
388,0.0034250000000000114,,,,,,,,,,0.05211000000000077,,,,,,,,,,0.01915299999999931,,,,,,,,,
389,0.008761999999999937,,,,,,,,,,0.0018619999999991421,,,,,,,,,,0.02337400000000045,,,,,,,,,
390,0.002726999999999702,,,,,,,,,,0.0035349999999993997,,,,,,,,,,0.009149999999998215,,,,,,,,,
391,0.00626900000000008,,,,,,,,,,0.08323599999999942,,,,,,,,,,0.004509999999999792,,,,,,,,,
392,0.011265999999999998,,,,,,,,,,0.005542000000000158,,,,,,,,,,0.045458999999997474,,,,,,,,,
393,0.010923000000000016,,,,,,,,,,0.0070819999999987004,,,,,,,,,,0.003172000000002839,,,,,,,,,
394,0.002507000000000037,,,,,,,,,,0.010550999999999533,,,,,,,,,,0.022456999999999283,,,,,,,,,
395,0.008429999999999715,,,,,,,,,,0.00835900000000045,,,,,,,,,,0.03141999999999712,,,,,,,,,
396,0.002266999999999797,,,,,,,,,,0.003762000000000043,,,,,,,,,,0.02650200000000069,,,,,,,,,
397,0.0027209999999997514,,,,,,,,,,0.01071500000000114,,,,,,,,,,0.0028430000000021494,,,,,,,,,
398,0.0067630000000002966,,,,,,,,,,0.003569999999999851,,,,,,,,,,0.0095799999999997,,,,,,,,,
399,0.008404000000000078,,,,,,,,,,0.04689699999999952,,,,,,,,,,0.002368000000000592,,,,,,,,,
400,0.007919000000000231,,,,,,,,,,0.012249999999999872,,,,,,,,,,0.0069760000000016475,,,,,,,,,
401,0.02777200000000013,,,,,,,,,,0.0035290000000003374,,,,,,,,,,0.02170200000000122,,,,,,,,,
402,0.002669999999999728,,,,,,,,,,0.0069419999999986715,,,,,,,,,,0.004863000000000284,,,,,,,,,
403,0.003171000000000035,,,,,,,,,,0.024369999999999337,,,,,,,,,,0.0019759999999990896,,,,,,,,,
404,0.008016000000000023,,,,,,,,,,0.014135999999998816,,,,,,,,,,0.008966999999998393,,,,,,,,,
405,0.007762999999999742,,,,,,,,,,0.00528000000000084,,,,,,,,,,0.05492399999999975,,,,,,,,,
406,0.00356700000000032,,,,,,,,,,0.010391000000000261,,,,,,,,,,0.01563900000000018,,,,,,,,,
407,0.0013190000000000701,,,,,,,,,,0.012319999999998998,,,,,,,,,,0.04733299999999829,,,,,,,,,
408,0.004509999999999792,,,,,,,,,,0.00864699999999985,,,,,,,,,,0.033555999999997255,,,,,,,,,
409,0.003994000000000053,,,,,,,,,,0.008846000000000132,,,,,,,,,,0.005338000000001841,,,,,,,,,
410,0.00347099999999978,,,,,,,,,,0.0018279999999997187,,,,,,,,,,0.044420000000002346,,,,,,,,,
411,0.0023209999999997954,,,,,,,,,,0.012351000000000667,,,,,,,,,,0.012165999999997013,,,,,,,,,
412,0.028019000000000016,,,,,,,,,,0.013958000000000581,,,,,,,,,,0.0036599999999999966,,,,,,,,,
413,0.003382000000000218,,,,,,,,,,0.007091000000000847,,,,,,,,,,0.0031770000000008736,,,,,,,,,
414,0.02256299999999989,,,,,,,,,,0.00871400000000122,,,,,,,,,,0.0024399999999999977,,,,,,,,,
415,0.0013169999999993465,,,,,,,,,,0.029429999999999623,,,,,,,,,,0.00910299999999964,,,,,,,,,
416,0.02615700000000043,,,,,,,,,,0.005409999999999471,,,,,,,,,,0.010511000000001047,,,,,,,,,
417,0.0024519999999998987,,,,,,,,,,0.04535100000000014,,,,,,,,,,0.004536999999999125,,,,,,,,,
418,0.010730000000000572,,,,,,,,,,0.003671000000000646,,,,,,,,,,0.0107650000000028,,,,,,,,,
419,0.010145999999999766,,,,,,,,,,0.0018139999999995382,,,,,,,,,,0.005255999999999261,,,,,,,,,
420,0.02182100000000009,,,,,,,,,,0.016037999999999997,,,,,,,,,,0.04154399999999825,,,,,,,,,
421,0.0014799999999999258,,,,,,,,,,0.0209330000000012,,,,,,,,,,0.01230099999999723,,,,,,,,,
422,0.00387000000000004,,,,,,,,,,0.014329999999999288,,,,,,,,,,0.008198999999997625,,,,,,,,,
423,0.006808000000000369,,,,,,,,,,0.007009000000000043,,,,,,,,,,0.023544999999998595,,,,,,,,,
424,0.0042799999999996174,,,,,,,,,,0.0036090000000008615,,,,,,,,,,0.002956000000001069,,,,,,,,,
425,0.012273000000000422,,,,,,,,,,0.0036199999999997345,,,,,,,,,,0.050732,,,,,,,,,
426,0.003039000000000236,,,,,,,,,,0.012225000000000819,,,,,,,,,,0.0016420000000003654,,,,,,,,,
427,0.0041679999999999495,,,,,,,,,,0.01747100000000046,,,,,,,,,,0.03833200000000048,,,,,,,,,
428,0.007716000000000278,,,,,,,,,,0.005281000000000091,,,,,,,,,,0.0030909999999977344,,,,,,,,,
429,0.002819000000000571,,,,,,,,,,0.010574999999999335,,,,,,,,,,0.011144999999999072,,,,,,,,,
430,0.012665000000000148,,,,,,,,,,0.006973999999999592,,,,,,,,,,0.044191000000001424,,,,,,,,,
431,0.005911000000000222,,,,,,,,,,0.008828999999998643,,,,,,,,,,0.013709999999999667,,,,,,,,,
432,0.007530000000000037,,,,,,,,,,0.00526900000000019,,,,,,,,,,0.002290999999999599,,,,,,,,,
433,0.009742999999999391,,,,,,,,,,0.0035089999999993182,,,,,,,,,,0.003703000000001566,,,,,,,,,
434,0.0013610000000001676,,,,,,,,,,0.02272999999999925,,,,,,,,,,0.02006200000000291,,,,,,,,,
435,0.003639000000000614,,,,,,,,,,0.0018910000000005311,,,,,,,,,,0.013453999999999411,,,,,,,,,
436,0.004602999999999469,,,,,,,,,,0.015703000000000245,,,,,,,,,,0.015691000000000344,,,,,,,,,
437,0.007511000000000045,,,,,,,,,,0.02586600000000061,,,,,,,,,,0.030204999999998705,,,,,,,,,
438,0.00835600000000003,,,,,,,,,,0.02802400000000027,,,,,,,,,,0.022279000000001048,,,,,,,,,
439,0.0028009999999998314,,,,,,,,,,0.003546000000000049,,,,,,,,,,0.008189999999999031,,,,,,,,,
440,0.005964999999999776,,,,,,,,,,0.008768999999999139,,,,,,,,,,0.013013999999998305,,,,,,,,,
441,0.004539999999999544,,,,,,,,,,0.0034829999999992367,,,,,,,,,,0.018596999999999753,,,,,,,,,
442,0.010454999999999437,,,,,,,,,,0.008646000000000598,,,,,,,,,,0.0020169999999986032,,,,,,,,,
443,0.018044999999999867,,,,,,,,,,0.003647000000000844,,,,,,,,,,0.018079999999997654,,,,,,,,,
444,0.0052280000000006766,,,,,,,,,,0.0018130000000002866,,,,,,,,,,0.017151000000001915,,,,,,,,,
445,0.0027380000000007954,,,,,,,,,,0.03134299999999968,,,,,,,,,,0.006506999999999152,,,,,,,,,
446,0.0037880000000001246,,,,,,,,,,0.003409999999998803,,,,,,,,,,0.016296000000000532,,,,,,,,,
447,0.016926999999999914,,,,,,,,,,0.0017370000000003216,,,,,,,,,,0.01046100000000294,,,,,,,,,
448,0.0035129999999998773,,,,,,,,,,0.007170000000000343,,,,,,,,,,0.007231000000000876,,,,,,,,,
449,0.004626000000000019,,,,,,,,,,0.012441000000000813,,,,,,,,,,0.026064999999999117,,,,,,,,,
450,0.0023369999999998115,,,,,,,,,,0.01036999999999999,,,,,,,,,,0.00665300000000002,,,,,,,,,
451,0.016582999999999792,,,,,,,,,,0.00899900000000109,,,,,,,,,,0.004263999999999157,,,,,,,,,
452,0.003581999999999752,,,,,,,,,,0.018062000000000467,,,,,,,,,,0.015052999999998207,,,,,,,,,
453,0.028871000000000535,,,,,,,,,,0.0034770000000001744,,,,,,,,,,0.021675999999999362,,,,,,,,,
454,0.004884999999999806,,,,,,,,,,0.019258000000000663,,,,,,,,,,0.008220000000001448,,,,,,,,,
455,0.0011780000000003454,,,,,,,,,,0.00882499999999986,,,,,,,,,,0.004252000000001033,,,,,,,,,
456,0.005519000000000496,,,,,,,,,,0.015525000000000233,,,,,,,,,,0.025002000000000635,,,,,,,,,
457,0.013240999999999836,,,,,,,,,,0.015745000000000786,,,,,,,,,,0.013099000000000416,,,,,,,,,
458,0.003419000000000061,,,,,,,,,,0.003580999999998724,,,,,,,,,,0.015583999999996934,,,,,,,,,
459,0.008312999999999349,,,,,,,,,,0.01730199999999904,,,,,,,,,,0.052830000000000155,,,,,,,,,
460,0.014747999999999983,,,,,,,,,,0.014010000000000744,,,,,,,,,,0.014531000000001626,,,,,,,,,
461,0.0028930000000002565,,,,,,,,,,0.015591999999999828,,,,,,,,,,0.010076999999999003,,,,,,,,,
462,0.0014819999999993172,,,,,,,,,,0.010481999999999658,,,,,,,,,,0.026360000000000383,,,,,,,,,
463,0.001132000000000133,,,,,,,,,,0.010574999999999335,,,,,,,,,,0.02505999999999986,,,,,,,,,
464,0.03343499999999988,,,,,,,,,,0.0018040000000016931,,,,,,,,,,0.03574400000000111,,,,,,,,,
465,0.004310000000000258,,,,,,,,,,0.013807999999999154,,,,,,,,,,0.050492999999999455,,,,,,,,,
466,0.00895899999999994,,,,,,,,,,0.0017420000000001323,,,,,,,,,,0.0086820000000003,,,,,,,,,
467,0.011136000000000479,,,,,,,,,,0.016189999999999927,,,,,,,,,,0.019158000000000897,,,,,,,,,
468,0.007017999999999525,,,,,,,,,,0.017535000000000522,,,,,,,,,,0.0022580000000012035,,,,,,,,,
469,0.010355000000000558,,,,,,,,,,0.012275000000000702,,,,,,,,,,0.007655999999997221,,,,,,,,,
470,0.0035569999999998103,,,,,,,,,,0.03294999999999959,,,,,,,,,,0.014914999999998457,,,,,,,,,
471,0.0044719999999998095,,,,,,,,,,0.006937999999999889,,,,,,,,,,0.023396999999999224,,,,,,,,,
472,0.0013449999999997075,,,,,,,,,,0.026049000000000433,,,,,,,,,,0.006016999999999939,,,,,,,,,
473,0.006986999999999632,,,,,,,,,,0.0052620000000001,,,,,,,,,,0.004293000000000546,,,,,,,,,
474,0.005288999999999433,,,,,,,,,,0.0207720000000009,,,,,,,,,,0.01198299999999719,,,,,,,,,
475,0.008741999999999805,,,,,,,,,,0.03493300000000055,,,,,,,,,,0.028133000000000408,,,,,,,,,
476,0.007235999999999798,,,,,,,,,,0.006972999999998564,,,,,,,,,,0.015570000000000306,,,,,,,,,
477,0.0013410000000000366,,,,,,,,,,0.0018119999999992586,,,,,,,,,,0.00848399999999927,,,,,,,,,
478,0.01158199999999976,,,,,,,,,,0.008914000000000755,,,,,,,,,,0.005366999999999678,,,,,,,,,
479,0.007166999999999923,,,,,,,,,,0.0035410000000002384,,,,,,,,,,0.006215999999998445,,,,,,,,,
480,0.006986999999999632,,,,,,,,,,0.010483999999999938,,,,,,,,,,0.001625999999998129,,,,,,,,,
481,0.0049879999999999924,,,,,,,,,,0.017502999999999602,,,,,,,,,,0.014734999999998166,,,,,,,,,
482,0.007424999999999571,,,,,,,,,,0.0018390000000003681,,,,,,,,,,0.026364999999998417,,,,,,,,,
483,0.007190000000000474,,,,,,,,,,0.020628000000000313,,,,,,,,,,0.0022359999999999047,,,,,,,,,
484,0.018590999999999802,,,,,,,,,,0.0017440000000004119,,,,,,,,,,0.013322999999999752,,,,,,,,,
485,0.014262000000000441,,,,,,,,,,0.007238000000000966,,,,,,,,,,0.009457000000001159,,,,,,,,,
486,0.0012860000000003424,,,,,,,,,,0.0017440000000004119,,,,,,,,,,0.027985999999998512,,,,,,,,,
487,0.009621000000000102,,,,,,,,,,0.021260999999999086,,,,,,,,,,0.015708000000000055,,,,,,,,,
488,0.006672000000000011,,,,,,,,,,0.005347999999999686,,,,,,,,,,0.03496900000000025,,,,,,,,,
489,0.014459999999999695,,,,,,,,,,0.03125700000000009,,,,,,,,,,0.013055000000001371,,,,,,,,,
490,0.004093000000000124,,,,,,,,,,0.008938000000000557,,,,,,,,,,0.030456000000000927,,,,,,,,,
491,0.001260000000000261,,,,,,,,,,0.00353299999999912,,,,,,,,,,0.016597999999998336,,,,,,,,,
492,0.019580000000000375,,,,,,,,,,0.060738999999999876,,,,,,,,,,0.015819999999997947,,,,,,,,,
493,0.0012359999999995708,,,,,,,,,,0.016075000000000728,,,,,,,,,,0.022482000000000113,,,,,,,,,
494,0.004769999999999719,,,,,,,,,,0.027962000000000486,,,,,,,,,,0.006694000000003086,,,,,,,,,
495,0.002593999999999319,,,,,,,,,,0.010291000000000494,,,,,,,,,,0.011097999999996944,,,,,,,,,
496,0.0029240000000001487,,,,,,,,,,0.010469000000000506,,,,,,,,,,0.004920999999999509,,,,,,,,,
497,0.0012470000000002202,,,,,,,,,,0.006962999999998942,,,,,,,,,,0.003842999999999819,,,,,,,,,
498,0.006377000000000521,,,,,,,,,,0.02427499999999938,,,,,,,,,,0.04035000000000011,,,,,,,,,
499,0.01342899999999947,,,,,,,,,,0.015686000000000533,,,,,,,,,,0.013390000000001123,,,,,,,,,
500,0.007939000000000362,,,,,,,,,,0.012390999999999153,,,,,,,,,,0.01067600000000013,,,,,,,,,
501,0.0045120000000000715,,,,,,,,,,0.012127000000001331,,,,,,,,,,0.06103399999999937,,,,,,,,,
502,0.01533000000000051,,,,,,,,,,0.014177000000000106,,,,,,,,,,0.0026089999999996394,,,,,,,,,
503,0.010136000000000145,,,,,,,,,,0.042315999999999576,,,,,,,,,,0.023492999999998432,,,,,,,,,
504,0.03266900000000028,,,,,,,,,,0.005054000000001224,,,,,,,,,,0.007172000000000622,,,,,,,,,
505,0.005085000000000228,,,,,,,,,,0.0036559999999994375,,,,,,,,,,0.019013000000001057,,,,,,,,,
506,0.006294000000000466,,,,,,,,,,0.005527999999999977,,,,,,,,,,0.002034999999999343,,,,,,,,,
507,0.006609000000000087,,,,,,,,,,0.001818999999999349,,,,,,,,,,0.017257000000000744,,,,,,,,,
508,0.002737999999999907,,,,,,,,,,0.0035240000000005267,,,,,,,,,,0.0433179999999993,,,,,,,,,
509,0.0012799999999995038,,,,,,,,,,0.014183000000000945,,,,,,,,,,0.0007470000000004973,,,,,,,,,
510,0.0157569999999998,,,,,,,,,,0.007020000000000692,,,,,,,,,,0.019719999999999516,,,,,,,,,
511,0.007229999999999848,,,,,,,,,,0.0018039999999999168,,,,,,,,,,0.01258900000000196,,,,,,,,,
512,0.007321000000000133,,,,,,,,,,0.0054800000000003735,,,,,,,,,,0.010418999999998846,,,,,,,,,
513,0.002771000000000079,,,,,,,,,,0.00355099999999986,,,,,,,,,,0.003333999999998838,,,,,,,,,
514,0.006364999999999732,,,,,,,,,,0.026332999999999274,,,,,,,,,,0.006457000000001045,,,,,,,,,
515,0.007619000000000042,,,,,,,,,,0.007013999999999854,,,,,,,,,,0.007625000000000881,,,,,,,,,
516,0.011410000000000586,,,,,,,,,,0.0018130000000002866,,,,,,,,,,0.012786999999999438,,,,,,,,,
517,0.004525000000000112,,,,,,,,,,0.020647999999999556,,,,,,,,,,0.01734300000000033,,,,,,,,,
518,0.004546000000000383,,,,,,,,,,0.010609999999999786,,,,,,,,,,0.005687999999999249,,,,,,,,,
519,0.004763000000000517,,,,,,,,,,0.012254999999999683,,,,,,,,,,0.013071000000000055,,,,,,,,,
520,0.006082000000000143,,,,,,,,,,0.006990000000000052,,,,,,,,,,0.015261999999999887,,,,,,,,,
521,0.010822999999999361,,,,,,,,,,0.003510000000000346,,,,,,,,,,0.016277000000002317,,,,,,,,,
522,0.001218999999999859,,,,,,,,,,0.008769000000000915,,,,,,,,,,0.01350400000000107,,,,,,,,,
523,0.022958999999999286,,,,,,,,,,0.0018220000000006564,,,,,,,,,,0.024014999999998565,,,,,,,,,
524,0.0016319999999998558,,,,,,,,,,0.009071000000000495,,,,,,,,,,0.06140399999999957,,,,,,,,,
525,0.00651600000000041,,,,,,,,,,0.012229999999998853,,,,,,,,,,0.005532999999999788,,,,,,,,,
526,0.004758999999999958,,,,,,,,,,0.014005000000000933,,,,,,,,,,0.030568999999999846,,,,,,,,,
527,0.007556000000000118,,,,,,,,,,0.013866999999999408,,,,,,,,,,0.007540000000002323,,,,,,,,,
528,0.018932000000000393,,,,,,,,,,0.010400000000000631,,,,,,,,,,0.0037079999999996005,,,,,,,,,
529,0.01173999999999964,,,,,,,,,,0.005067999999999628,,,,,,,,,,0.019616000000002742,,,,,,,,,
530,0.020304000000000322,,,,,,,,,,0.017737000000000336,,,,,,,,,,0.018122999999999223,,,,,,,,,
531,0.0030159999999996856,,,,,,,,,,0.024353999999998877,,,,,,,,,,0.0050059999999980676,,,,,,,,,
532,0.007655999999999885,,,,,,,,,,0.005243000000000109,,,,,,,,,,0.018076999999998122,,,,,,,,,
533,0.010469999999999757,,,,,,,,,,0.005214999999999748,,,,,,,,,,0.0049330000000011864,,,,,,,,,
534,0.009753000000000789,,,,,,,,,,0.011951999999999074,,,,,,,,,,0.024927000000001698,,,,,,,,,
535,0.0017930000000001556,,,,,,,,,,0.021355999999999042,,,,,,,,,,0.06991000000000014,,,,,,,,,
536,0.009927999999999493,,,,,,,,,,0.007176000000001181,,,,,,,,,,0.03234099999999884,,,,,,,,,
537,0.01578700000000044,,,,,,,,,,0.014024000000000925,,,,,,,,,,0.016784999999998718,,,,,,,,,
538,0.010246999999999673,,,,,,,,,,0.008654999999999191,,,,,,,,,,0.048850000000001614,,,,,,,,,
539,0.0029120000000002477,,,,,,,,,,0.03129299999999979,,,,,,,,,,0.004001000000002364,,,,,,,,,
540,0.00617399999999968,,,,,,,,,,0.001851000000000269,,,,,,,,,,0.03228700000000018,,,,,,,,,
541,0.002447000000000088,,,,,,,,,,0.003637999999998698,,,,,,,,,,0.018022999999999456,,,,,,,,,
542,0.00836300000000012,,,,,,,,,,0.03127900000000139,,,,,,,,,,0.007830999999999477,,,,,,,,,
543,0.011625999999999692,,,,,,,,,,0.027882999999999214,,,,,,,,,,0.01769000000000176,,,,,,,,,
544,0.0013639999999996988,,,,,,,,,,0.0018239999999991596,,,,,,,,,,0.009076999999997781,,,,,,,,,
545,0.0028119999999995926,,,,,,,,,,0.006984000000000989,,,,,,,,,,0.012297000000000224,,,,,,,,,
546,0.007371000000000016,,,,,,,,,,0.005058000000000007,,,,,,,,,,0.016964000000001533,,,,,,,,,
547,0.009935000000000471,,,,,,,,,,0.021296000000001314,,,,,,,,,,0.01694699999999827,,,,,,,,,
548,0.010584999999999845,,,,,,,,,,0.012278000000000233,,,,,,,,,,0.001225000000001586,,,,,,,,,
549,0.0048159999999999314,,,,,,,,,,0.005463999999999913,,,,,,,,,,0.002188999999997776,,,,,,,,,
550,0.010492000000000168,,,,,,,,,,0.006746999999998948,,,,,,,,,,0.006398000000000792,,,,,,,,,
551,0.005985999999999159,,,,,,,,,,0.04876800000000081,,,,,,,,,,0.009111000000000757,,,,,,,,,
552,0.0017650000000006827,,,,,,,,,,0.0070459999999989975,,,,,,,,,,0.010836000000001178,,,,,,,,,
553,0.011301999999999701,,,,,,,,,,0.008869000000000682,,,,,,,,,,0.046787999999999386,,,,,,,,,
554,0.0012889999999998736,,,,,,,,,,0.01055100000000131,,,,,,,,,,0.0023989999999969314,,,,,,,,,
555,0.0057229999999997005,,,,,,,,,,0.008716999999998976,,,,,,,,,,0.004591000000001344,,,,,,,,,
556,0.01176900000000014,,,,,,,,,,0.005282000000001119,,,,,,,,,,0.00815499999999858,,,,,,,,,
557,0.002661999999999942,,,,,,,,,,0.0018770000000003506,,,,,,,,,,0.004545000000000243,,,,,,,,,
558,0.005513999999999797,,,,,,,,,,0.010341000000000378,,,,,,,,,,0.019429999999999836,,,,,,,,,
559,0.017535999999999774,,,,,,,,,,0.015713999999999118,,,,,,,,,,0.008887000000001422,,,,,,,,,
560,0.006047999999999831,,,,,,,,,,0.0070230000000002235,,,,,,,,,,0.012377000000000749,,,,,,,,,
561,0.0165109999999995,,,,,,,,,,0.03477200000000025,,,,,,,,,,0.0016870000000004381,,,,,,,,,
562,0.0012710000000000221,,,,,,,,,,0.00698000000000043,,,,,,,,,,0.016607000000000482,,,,,,,,,
563,0.002822000000000102,,,,,,,,,,0.012292000000000414,,,,,,,,,,0.0070689999999977715,,,,,,,,,
564,0.008969000000000449,,,,,,,,,,0.00698200000000071,,,,,,,,,,0.020969000000000904,,,,,,,,,
565,0.009448000000000789,,,,,,,,,,0.014015999999999806,,,,,,,,,,0.011704999999999188,,,,,,,,,
566,0.0013279999999999959,,,,,,,,,,0.03824999999999967,,,,,,,,,,0.03103699999999776,,,,,,,,,
567,0.0022540000000006444,,,,,,,,,,0.010475000000001344,,,,,,,,,,0.02254199999999784,,,,,,,,,
568,0.0022240000000000038,,,,,,,,,,0.019138000000001654,,,,,,,,,,0.026617999999999142,,,,,,,,,
569,0.005765000000000242,,,,,,,,,,0.007106000000000279,,,,,,,,,,0.016114000000001738,,,,,,,,,
570,0.005892999999999482,,,,,,,,,,0.04174599999999984,,,,,,,,,,0.013698999999999018,,,,,,,,,
571,0.003968000000000416,,,,,,,,,,0.014074999999998283,,,,,,,,,,0.0008279999999984966,,,,,,,,,
572,0.006083000000000283,,,,,,,,,,0.007113000000000369,,,,,,,,,,0.0014079999999978554,,,,,,,,,
573,0.001376000000000488,,,,,,,,,,0.00871400000000122,,,,,,,,,,0.008193000000002115,,,,,,,,,
574,0.0012720000000001619,,,,,,,,,,0.0018330000000013058,,,,,,,,,,0.001785000000001702,,,,,,,,,
575,0.012586999999999904,,,,,,,,,,0.02760900000000177,,,,,,,,,,0.021650999999998533,,,,,,,,,
576,0.007511000000000045,,,,,,,,,,0.0035559999999996705,,,,,,,,,,0.020061999999999358,,,,,,,,,
577,0.001914999999999445,,,,,,,,,,0.012198000000001485,,,,,,,,,,0.0036050000000003024,,,,,,,,,
578,0.00958199999999998,,,,,,,,,,0.010576999999997838,,,,,,,,,,0.006554000000001281,,,,,,,,,
579,0.006999999999999673,,,,,,,,,,0.006959999999999411,,,,,,,,,,0.007238000000000966,,,,,,,,,
580,0.0038679999999997605,,,,,,,,,,0.007144000000000261,,,,,,,,,,0.028086999999999307,,,,,,,,,
581,0.007357999999999976,,,,,,,,,,0.041733000000000686,,,,,,,,,,0.07103800000000149,,,,,,,,,
582,0.009183000000000163,,,,,,,,,,0.00354199999999949,,,,,,,,,,0.028018000000002985,,,,,,,,,
583,0.003988000000000547,,,,,,,,,,0.006971999999997536,,,,,,,,,,0.005710999999998023,,,,,,,,,
584,0.004888999999999477,,,,,,,,,,0.007038000000001432,,,,,,,,,,0.005425999999999931,,,,,,,,,
585,0.0038169999999997373,,,,,,,,,,0.014220999999999151,,,,,,,,,,0.006349999999997635,,,,,,,,,
586,0.006775999999999449,,,,,,,,,,0.008752000000001203,,,,,,,,,,0.03980200000000167,,,,,,,,,
587,0.0016199999999999548,,,,,,,,,,0.0312720000000013,,,,,,,,,,0.008817000000000519,,,,,,,,,
588,0.007201999999999487,,,,,,,,,,0.010649000000000797,,,,,,,,,,0.0030409999999960746,,,,,,,,,
589,0.005473000000000283,,,,,,,,,,0.0072030000000005145,,,,,,,,,,0.018506000000002132,,,,,,,,,
590,0.013549000000000255,,,,,,,,,,0.010569000000000273,,,,,,,,,,0.005327999999998667,,,,,,,,,
591,0.0159419999999999,,,,,,,,,,0.005376999999999299,,,,,,,,,,0.01524299999999812,,,,,,,,,
592,0.0011099999999997223,,,,,,,,,,0.0018030000000024415,,,,,,,,,,0.02169500000000113,,,,,,,,,
593,0.013202000000000602,,,,,,,,,,0.0017910000000007642,,,,,,,,,,0.005348999999995385,,,,,,,,,
594,0.022831000000000046,,,,,,,,,,0.005273000000002526,,,,,,,,,,0.01502800000000093,,,,,,,,,
595,0.009304000000000201,,,,,,,,,,0.0035339999999983718,,,,,,,,,,0.013449000000001377,,,,,,,,,
596,0.0032040000000002067,,,,,,,,,,0.012318000000000495,,,,,,,,,,0.02154499999999615,,,,,,,,,
597,0.005997000000000696,,,,,,,,,,0.007210000000000605,,,,,,,,,,0.022539000000001863,,,,,,,,,
598,0.0012679999999996028,,,,,,,,,,0.012136000000001701,,,,,,,,,,0.002608000000002164,,,,,,,,,
599,0.00279000000000007,,,,,,,,,,0.001892000000001559,,,,,,,,,,0.007581000000001836,,,,,,,,,
600,0.0050720000000001875,,,,,,,,,,0.021105999999999625,,,,,,,,,,0.0010520000000013852,,,,,,,,,
601,0.00648599999999977,,,,,,,,,,0.0018139999999995382,,,,,,,,,,0.009554000000001395,,,,,,,,,
602,0.004357999999999862,,,,,,,,,,0.027802000000001215,,,,,,,,,,0.017219999999994684,,,,,,,,,
603,0.0012170000000004677,,,,,,,,,,0.013967999999998426,,,,,,,,,,0.03290300000000457,,,,,,,,,
604,0.005123000000000211,,,,,,,,,,0.005214000000002272,,,,,,,,,,0.015840000000004295,,,,,,,,,
605,0.011025999999999314,,,,,,,,,,0.010398000000002128,,,,,,,,,,0.0040990000000036275,,,,,,,,,
606,0.00354999999999972,,,,,,,,,,0.0036090000000008615,,,,,,,,,,0.0222920000000002,,,,,,,,,
607,0.0109729999999999,,,,,,,,,,0.012189000000002892,,,,,,,,,,0.014550999999997316,,,,,,,,,
608,0.009202000000000155,,,,,,,,,,0.02761600000000186,,,,,,,,,,0.00979600000000147,,,,,,,,,
609,0.009021000000000612,,,,,,,,,,0.005365000000001174,,,,,,,,,,0.005485000000000184,,,,,,,,,
610,0.007051000000000585,,,,,,,,,,0.06093800000000016,,,,,,,,,,0.014984999999995807,,,,,,,,,
611,0.008392999999999873,,,,,,,,,,0.0036589999999989686,,,,,,,,,,0.04900899999999808,,,,,,,,,
612,0.003249999999999531,,,,,,,,,,0.005380999999999858,,,,,,,,,,0.0013249999999942474,,,,,,,,,
613,0.006211000000000411,,,,,,,,,,0.00871100000000169,,,,,,,,,,0.012238000000003524,,,,,,,,,
614,0.002545999999999715,,,,,,,,,,0.0036880000000003577,,,,,,,,,,0.014319000000000415,,,,,,,,,
615,0.013320999999999472,,,,,,,,,,0.014358000000001425,,,,,,,,,,0.006025000000001057,,,,,,,,,
616,0.004342999999999542,,,,,,,,,,0.02790200000000098,,,,,,,,,,0.06961100000000187,,,,,,,,,
617,0.001562999999999981,,,,,,,,,,0.028147999999998063,,,,,,,,,,0.01278400000000346,,,,,,,,,
618,0.008375000000000021,,,,,,,,,,0.0105240000000002,,,,,,,,,,0.0014070000000003802,,,,,,,,,
619,0.015255999999999936,,,,,,,,,,0.013892999999999489,,,,,,,,,,0.016586000000003764,,,,,,,,,
620,0.0037329999999995422,,,,,,,,,,0.04019699999999915,,,,,,,,,,0.004043999999993275,,,,,,,,,
621,0.01763699999999968,,,,,,,,,,0.008860000000002088,,,,,,,,,,0.007626000000001909,,,,,,,,,
622,0.0036889999999996093,,,,,,,,,,0.013891000000000986,,,,,,,,,,0.016317000000000803,,,,,,,,,
623,0.006607999999999947,,,,,,,,,,0.0019529999999967629,,,,,,,,,,0.03750399999999843,,,,,,,,,
624,0.004002999999999979,,,,,,,,,,0.026128999999997404,,,,,,,,,,0.007182000000000244,,,,,,,,,
625,0.006897000000000375,,,,,,,,,,0.00180599999999842,,,,,,,,,,0.04295799999999872,,,,,,,,,
626,0.009949000000000652,,,,,,,,,,0.001806999999999448,,,,,,,,,,0.034367000000003145,,,,,,,,,
627,0.0017889999999995965,,,,,,,,,,0.008774000000002502,,,,,,,,,,0.008311999999996544,,,,,,,,,
628,0.032074999999999854,,,,,,,,,,0.003500000000002501,,,,,,,,,,0.03547799999999768,,,,,,,,,
629,0.036417000000000144,,,,,,,,,,0.015579000000002452,,,,,,,,,,0.033647999999999456,,,,,,,,,
630,0.012445000000000483,,,,,,,,,,0.0037109999999991317,,,,,,,,,,0.010771999999995785,,,,,,,,,
631,0.004440999999999917,,,,,,,,,,0.0036799999999992394,,,,,,,,,,0.009905999999993753,,,,,,,,,
632,0.016480999999999746,,,,,,,,,,0.017335000000002765,,,,,,,,,,0.01757299999999873,,,,,,,,,
633,0.014015999999999806,,,,,,,,,,0.001864000000001198,,,,,,,,,,0.006041000000003294,,,,,,,,,
634,0.002333999999999392,,,,,,,,,,0.026154000000001787,,,,,,,,,,0.002147000000000787,,,,,,,,,
635,0.0012359999999995708,,,,,,,,,,0.00354199999999949,,,,,,,,,,0.003439000000000192,,,,,,,,,
636,0.01143599999999978,,,,,,,,,,0.02633600000000058,,,,,,,,,,0.002729999999999677,,,,,,,,,
637,0.01221199999999989,,,,,,,,,,0.007101000000002244,,,,,,,,,,0.03781000000000034,,,,,,,,,
638,0.0011939999999999173,,,,,,,,,,0.00672999999999746,,,,,,,,,,0.00670499999999663,,,,,,,,,
639,0.003499000000000585,,,,,,,,,,0.005418999999999841,,,,,,,,,,0.009562999999999988,,,,,,,,,
640,0.00633399999999984,,,,,,,,,,0.020889999999997855,,,,,,,,,,0.039384000000005415,,,,,,,,,
641,0.029468999999999745,,,,,,,,,,0.0067950000000003286,,,,,,,,,,0.005172000000001731,,,,,,,,,
642,0.003670000000000506,,,,,,,,,,0.005326999999997639,,,,,,,,,,0.02835799999999722,,,,,,,,,
643,0.007200999999999347,,,,,,,,,,0.0018020000000014136,,,,,,,,,,0.010386000000004003,,,,,,,,,
644,0.0011330000000002727,,,,,,,,,,0.0018610000000016669,,,,,,,,,,0.00832799999999878,,,,,,,,,
645,0.021401000000000003,,,,,,,,,,0.014215000000000089,,,,,,,,,,0.02206199999999825,,,,,,,,,
646,0.003461999999999854,,,,,,,,,,0.0037019999999969855,,,,,,,,,,0.0005249999999961119,,,,,,,,,
647,0.0011609999999997456,,,,,,,,,,0.003565999999999292,,,,,,,,,,0.017538999999999305,,,,,,,,,
648,0.0018169999999999575,,,,,,,,,,0.006972999999998564,,,,,,,,,,0.011397999999999797,,,,,,,,,
649,0.007692000000000476,,,,,,,,,,0.01377600000000001,,,,,,,,,,0.00983200000000295,,,,,,,,,
650,0.014528000000000318,,,,,,,,,,0.007132999999999612,,,,,,,,,,0.012029000000005396,,,,,,,,,
651,0.006733000000000544,,,,,,,,,,0.0018020000000014136,,,,,,,,,,0.0033770000000004075,,,,,,,,,
652,0.008619999999999628,,,,,,,,,,0.021136000000002042,,,,,,,,,,0.01655399999999929,,,,,,,,,
653,0.02073199999999975,,,,,,,,,,0.0018160000000015941,,,,,,,,,,0.005680999999995606,,,,,,,,,
654,0.002491000000000021,,,,,,,,,,0.007145000000001289,,,,,,,,,,0.006565999999999406,,,,,,,,,
655,0.00648499999999963,,,,,,,,,,0.020618999999999943,,,,,,,,,,0.011220000000001562,,,,,,,,,
656,0.001204000000000427,,,,,,,,,,0.04362499999999869,,,,,,,,,,0.0021060000000048262,,,,,,,,,
657,0.022832000000000185,,,,,,,,,,0.01920700000000153,,,,,,,,,,0.006624999999999659,,,,,,,,,
658,0.0017769999999996955,,,,,,,,,,0.003508999999997542,,,,,,,,,,0.012703999999999382,,,,,,,,,
659,0.006736000000000075,,,,,,,,,,0.05726900000000157,,,,,,,,,,0.013882999999999868,,,,,,,,,
660,0.02028199999999991,,,,,,,,,,0.008786000000000627,,,,,,,,,,0.008806999999997345,,,,,,,,,
661,0.0017290000000000916,,,,,,,,,,0.008903000000000105,,,,,,,,,,0.025142999999999915,,,,,,,,,
662,0.006425999999999377,,,,,,,,,,0.027688000000001267,,,,,,,,,,0.012554000000001508,,,,,,,,,
663,0.018647999999999776,,,,,,,,,,0.0036870000000028824,,,,,,,,,,0.018633999999998707,,,,,,,,,
664,0.002806999999999782,,,,,,,,,,0.0035349999999993997,,,,,,,,,,0.002456000000002234,,,,,,,,,
665,0.001046999999999798,,,,,,,,,,0.024443999999999022,,,,,,,,,,0.06029000000000195,,,,,,,,,
666,0.0044880000000002696,,,,,,,,,,0.031310999999998756,,,,,,,,,,0.024842000000006692,,,,,,,,,
667,0.018164000000000513,,,,,,,,,,0.024657999999998736,,,,,,,,,,0.011134999999995898,,,,,,,,,
668,0.026514000000000593,,,,,,,,,,0.038734999999999076,,,,,,,,,,0.01429499999999706,,,,,,,,,
669,0.006096000000000323,,,,,,,,,,0.011188000000000642,,,,,,,,,,0.019198999999993305,,,,,,,,,
670,0.00941499999999973,,,,,,,,,,0.0037130000000011876,,,,,,,,,,0.0014900000000039881,,,,,,,,,
671,0.01255400000000062,,,,,,,,,,0.01232299999999853,,,,,,,,,,0.012042999999998472,,,,,,,,,
672,0.0064950000000001396,,,,,,,,,,0.005348999999998938,,,,,,,,,,0.025289000000000783,,,,,,,,,
673,0.0024160000000001958,,,,,,,,,,0.009481000000000961,,,,,,,,,,0.001764000000001431,,,,,,,,,
674,0.00542100000000012,,,,,,,,,,0.026765000000001038,,,,,,,,,,0.01946699999999879,,,,,,,,,
675,0.0025040000000000617,,,,,,,,,,0.005528999999999229,,,,,,,,,,0.025769999999994297,,,,,,,,,
676,0.004243000000000663,,,,,,,,,,0.021558999999999884,,,,,,,,,,0.009281000000001427,,,,,,,,,
677,0.013810999999999574,,,,,,,,,,0.0018180000000000973,,,,,,,,,,0.0067200000000013915,,,,,,,,,
678,0.009580000000000588,,,,,,,,,,0.022860000000001435,,,,,,,,,,0.034332999999996616,,,,,,,,,
679,0.009801000000000393,,,,,,,,,,0.00928299999999993,,,,,,,,,,0.008717999999994674,,,,,,,,,
680,0.007681999999999967,,,,,,,,,,0.0037400000000005207,,,,,,,,,,0.0062009999999972365,,,,,,,,,
681,0.017888999999999378,,,,,,,,,,0.003544999999999021,,,,,,,,,,0.0051339999999981956,,,,,,,,,
682,0.010440000000000005,,,,,,,,,,0.007324000000000552,,,,,,,,,,0.004678999999995881,,,,,,,,,
683,0.011575000000000557,,,,,,,,,,0.023125000000000284,,,,,,,,,,0.020952000000001192,,,,,,,,,
684,0.008874999999999744,,,,,,,,,,0.0019700000000000273,,,,,,,,,,0.0031060000000024957,,,,,,,,,
685,0.010841999999999352,,,,,,,,,,0.00728600000000057,,,,,,,,,,0.009261000000002184,,,,,,,,,
686,0.010917000000000066,,,,,,,,,,0.0019090000000012708,,,,,,,,,,0.0043980000000019,,,,,,,,,
687,0.01453399999999938,,,,,,,,,,0.008814000000000988,,,,,,,,,,0.023257999999998447,,,,,,,,,
688,0.00724499999999928,,,,,,,,,,0.0037059999999975446,,,,,,,,,,0.009461000000001718,,,,,,,,,
689,0.009446999999999761,,,,,,,,,,0.007041000000000963,,,,,,,,,,0.006482000000005428,,,,,,,,,
690,0.002739000000000047,,,,,,,,,,0.0037060000000010973,,,,,,,,,,0.01344500000000437,,,,,,,,,
691,0.0072830000000001505,,,,,,,,,,0.026541999999999177,,,,,,,,,,0.023914000000004876,,,,,,,,,
692,0.017276000000000735,,,,,,,,,,0.019147000000000247,,,,,,,,,,0.02492600000000067,,,,,,,,,
693,0.0010979999999998213,,,,,,,,,,0.01793699999999987,,,,,,,,,,0.007468000000002917,,,,,,,,,
694,0.0016740000000003974,,,,,,,,,,0.016028999999999627,,,,,,,,,,0.008115999999994017,,,,,,,,,
695,0.010602999999999696,,,,,,,,,,0.007016000000000133,,,,,,,,,,0.016460999999999615,,,,,,,,,
696,0.002689999999999415,,,,,,,,,,0.006965000000000998,,,,,,,,,,0.010608000000004836,,,,,,,,,
697,0.017859999999999765,,,,,,,,,,0.00546200000000141,,,,,,,,,,0.014918999999999016,,,,,,,,,
698,0.002518999999999494,,,,,,,,,,0.01583100000000215,,,,,,,,,,0.002128999999996495,,,,,,,,,
699,0.012033999999999878,,,,,,,,,,0.05683400000000205,,,,,,,,,,0.06555700000000542,,,,,,,,,
700,0.010856999999999672,,,,,,,,,,0.0069179999999988695,,,,,,,,,,0.014864000000002875,,,,,,,,,
701,0.027965000000000018,,,,,,,,,,0.008869000000000682,,,,,,,,,,0.013437000000003252,,,,,,,,,
702,0.02626499999999954,,,,,,,,,,0.0018119999999974823,,,,,,,,,,0.028513999999994155,,,,,,,,,
703,0.012861000000000011,,,,,,,,,,0.022505999999999915,,,,,,,,,,0.007643999999999096,,,,,,,,,
704,0.0027879999999997906,,,,,,,,,,0.009049999999998448,,,,,,,,,,0.023514999999996178,,,,,,,,,
705,0.012245000000000061,,,,,,,,,,0.0018789999999988538,,,,,,,,,,0.028343999999997038,,,,,,,,,
706,0.0010950000000002902,,,,,,,,,,0.0017889999999987083,,,,,,,,,,0.002828000000000941,,,,,,,,,
707,0.047879000000000005,,,,,,,,,,0.0017839999999971212,,,,,,,,,,0.05689100000000025,,,,,,,,,
708,0.009305999999999592,,,,,,,,,,0.008933999999999997,,,,,,,,,,0.005071000000000936,,,,,,,,,
709,0.004590000000000316,,,,,,,,,,0.05285699999999949,,,,,,,,,,0.00466300000000075,,,,,,,,,
710,0.0020080000000000098,,,,,,,,,,0.0018849999999979161,,,,,,,,,,0.0013930000000001996,,,,,,,,,
711,0.004458000000000517,,,,,,,,,,0.031803000000000026,,,,,,,,,,0.001986999999999739,,,,,,,,,
712,0.013643999999999323,,,,,,,,,,0.0018780000000013786,,,,,,,,,,0.02164699999999442,,,,,,,,,
713,0.016592000000000162,,,,,,,,,,0.0018189999999975726,,,,,,,,,,0.014024999999996624,,,,,,,,,
714,0.0027280000000002858,,,,,,,,,,0.0035810000000005004,,,,,,,,,,0.03735499999999803,,,,,,,,,
715,0.0216649999999996,,,,,,,,,,0.008782999999997543,,,,,,,,,,0.002780000000001337,,,,,,,,,
716,0.01329099999999972,,,,,,,,,,0.008984999999999133,,,,,,,,,,0.02230300000000085,,,,,,,,,
717,0.0015960000000001529,,,,,,,,,,0.005266999999999911,,,,,,,,,,0.018654000000005055,,,,,,,,,
718,0.0025760000000003558,,,,,,,,,,0.0035120000000006257,,,,,,,,,,0.0022529999999960637,,,,,,,,,
719,0.008694000000000202,,,,,,,,,,0.014119999999998356,,,,,,,,,,0.005412999999997226,,,,,,,,,
720,0.007400999999999769,,,,,,,,,,0.010628000000000526,,,,,,,,,,0.012844999999998663,,,,,,,,,
721,0.017262999999999806,,,,,,,,,,0.02412599999999898,,,,,,,,,,0.00514400000000137,,,,,,,,,
722,0.025806000000000218,,,,,,,,,,0.0036619999999985,,,,,,,,,,0.016638000000000375,,,,,,,,,
723,0.008445000000000036,,,,,,,,,,0.012261999999999773,,,,,,,,,,0.007170000000002119,,,,,,,,,
724,0.009610999999999592,,,,,,,,,,0.011973999999998597,,,,,,,,,,0.03500700000000023,,,,,,,,,
725,0.002896000000000676,,,,,,,,,,0.02833000000000041,,,,,,,,,,0.028143999999997504,,,,,,,,,
726,0.00417600000000018,,,,,,,,,,0.005272999999998973,,,,,,,,,,0.03338799999999509,,,,,,,,,
727,0.009932000000000052,,,,,,,,,,0.029423999999998784,,,,,,,,,,0.0031060000000024957,,,,,,,,,
728,0.003646999999999956,,,,,,,,,,0.006931000000001575,,,,,,,,,,0.0026060000000001082,,,,,,,,,
729,0.014349999999999419,,,,,,,,,,0.010635999999998091,,,,,,,,,,0.006864000000000203,,,,,,,,,
730,0.011268000000000278,,,,,,,,,,0.0035530000000001394,,,,,,,,,,0.004429000000001793,,,,,,,,,
731,0.01006900000000055,,,,,,,,,,0.03796299999999775,,,,,,,,,,0.007142000000001758,,,,,,,,,
732,0.013393999999999906,,,,,,,,,,0.0038109999999988986,,,,,,,,,,0.0033080000000040855,,,,,,,,,
733,0.004678000000000182,,,,,,,,,,0.013984000000000663,,,,,,,,,,0.011566000000001964,,,,,,,,,
734,0.0023929999999996454,,,,,,,,,,0.0018659999999997012,,,,,,,,,,0.005547999999997444,,,,,,,,,
735,0.007144000000000261,,,,,,,,,,0.0294540000000012,,,,,,,,,,0.0031499999999979877,,,,,,,,,
736,0.013250999999999458,,,,,,,,,,0.0018659999999997012,,,,,,,,,,0.03916900000000112,,,,,,,,,
737,0.0037529999999996733,,,,,,,,,,0.0018910000000005311,,,,,,,,,,0.01279800000000364,,,,,,,,,
738,0.0019329999999992964,,,,,,,,,,0.0034209999999994523,,,,,,,,,,0.030367999999995732,,,,,,,,,
739,0.005457999999999963,,,,,,,,,,0.006958000000000908,,,,,,,,,,0.0024920000000037135,,,,,,,,,
740,0.005130000000000301,,,,,,,,,,0.003695999999997923,,,,,,,,,,0.036847999999999104,,,,,,,,,
741,0.011683999999999806,,,,,,,,,,0.0036279999999990764,,,,,,,,,,0.002022000000003743,,,,,,,,,
742,0.010708000000000162,,,,,,,,,,0.012107000000000312,,,,,,,,,,0.009248999999996954,,,,,,,,,
743,0.0022880000000000678,,,,,,,,,,0.005507999999998958,,,,,,,,,,0.002608000000002164,,,,,,,,,
744,0.005226000000000397,,,,,,,,,,0.015930999999998363,,,,,,,,,,0.04049400000000247,,,,,,,,,
745,0.003105999999999831,,,,,,,,,,0.007041000000000963,,,,,,,,,,0.03400700000000256,,,,,,,,,
746,0.027962000000000486,,,,,,,,,,0.03138799999999975,,,,,,,,,,0.04279300000000319,,,,,,,,,
747,0.0012750000000005812,,,,,,,,,,0.01263399999999848,,,,,,,,,,0.0019729999999995584,,,,,,,,,
748,0.001192000000000526,,,,,,,,,,0.0035479999999985523,,,,,,,,,,0.03802499999999753,,,,,,,,,
749,0.015117999999999299,,,,,,,,,,0.02248000000000161,,,,,,,,,,0.04951799999999906,,,,,,,,,
750,0.03619199999999978,,,,,,,,,,0.0071989999999999554,,,,,,,,,,0.027838000000002694,,,,,,,,,
751,0.0013990000000001501,,,,,,,,,,0.08731200000000072,,,,,,,,,,0.009492999999999086,,,,,,,,,
752,0.0011460000000003134,,,,,,,,,,0.007343999999999795,,,,,,,,,,0.0033169999999955735,,,,,,,,,
753,0.011808000000000263,,,,,,,,,,0.0035519999999991114,,,,,,,,,,0.04744099999999918,,,,,,,,,
754,0.0024039999999994066,,,,,,,,,,0.052137000000001876,,,,,,,,,,0.03100599999999787,,,,,,,,,
755,0.001496000000000386,,,,,,,,,,0.013929999999998444,,,,,,,,,,0.016101999999996508,,,,,,,,,
756,0.0016099999999994452,,,,,,,,,,0.017423000000000854,,,,,,,,,,0.007319000000002518,,,,,,,,,
757,0.006018000000000079,,,,,,,,,,0.003716999999998194,,,,,,,,,,0.021969999999996048,,,,,,,,,
758,0.00943000000000005,,,,,,,,,,0.02959300000000198,,,,,,,,,,0.008623000000000047,,,,,,,,,
759,0.004170999999999481,,,,,,,,,,0.028113000000001165,,,,,,,,,,0.004250999999996452,,,,,,,,,
760,0.0013849999999999696,,,,,,,,,,0.019244000000000483,,,,,,,,,,0.016116999999994164,,,,,,,,,
761,0.010933999999999777,,,,,,,,,,0.012217999999997176,,,,,,,,,,0.01642700000000019,,,,,,,,,
762,0.0012590000000001211,,,,,,,,,,0.006944000000000727,,,,,,,,,,0.00672800000000251,,,,,,,,,
763,0.010248999999999953,,,,,,,,,,0.028083999999999776,,,,,,,,,,0.014464999999994177,,,,,,,,,
764,0.003261999999999432,,,,,,,,,,0.015751000000001625,,,,,,,,,,0.022907999999993933,,,,,,,,,
765,0.0085380000000006,,,,,,,,,,0.0052640000000003795,,,,,,,,,,0.007004000000002009,,,,,,,,,
766,0.0023580000000000823,,,,,,,,,,0.012275000000002478,,,,,,,,,,0.04223400000000055,,,,,,,,,
767,0.007996999999999588,,,,,,,,,,0.05604200000000148,,,,,,,,,,0.0032680000000055998,,,,,,,,,
768,0.004520999999999553,,,,,,,,,,0.0018649999999986733,,,,,,,,,,0.03712500000000318,,,,,,,,,
769,0.017867999999999995,,,,,,,,,,0.0018180000000000973,,,,,,,,,,0.0065220000000039136,,,,,,,,,
770,0.0012990000000003832,,,,,,,,,,0.04709700000000083,,,,,,,,,,0.027244000000003155,,,,,,,,,
771,0.0011489999999998446,,,,,,,,,,0.010497999999998342,,,,,,,,,,0.005002000000004614,,,,,,,,,
772,0.0027170000000005246,,,,,,,,,,0.05767099999999914,,,,,,,,,,0.007740999999995779,,,,,,,,,
773,0.0012590000000001211,,,,,,,,,,0.04004699999999772,,,,,,,,,,0.010555000000003645,,,,,,,,,
774,0.009032999999999625,,,,,,,,,,0.003592999999998625,,,,,,,,,,0.01507800000000259,,,,,,,,,
775,0.007486000000000104,,,,,,,,,,0.013989999999999725,,,,,,,,,,0.011663999999996122,,,,,,,,,
776,0.0044800000000000395,,,,,,,,,,0.008914000000000755,,,,,,,,,,0.0018019999999978609,,,,,,,,,
777,0.0063469999999998805,,,,,,,,,,0.026441000000001935,,,,,,,,,,0.032949000000002115,,,,,,,,,
778,0.0038490000000006575,,,,,,,,,,0.003580000000003025,,,,,,,,,,0.02425699999999864,,,,,,,,,
779,0.008937999999999668,,,,,,,,,,0.0035330000000008965,,,,,,,,,,0.016023000000004117,,,,,,,,,
780,0.004210999999999743,,,,,,,,,,0.015717999999999677,,,,,,,,,,0.0026650000000003615,,,,,,,,,
781,0.009294999999999831,,,,,,,,,,0.0071499999999993236,,,,,,,,,,0.0033419999999964034,,,,,,,,,
782,0.011638999999999733,,,,,,,,,,0.0035590000000027544,,,,,,,,,,0.006939999999993063,,,,,,,,,
783,0.0011169999999998126,,,,,,,,,,0.02102999999999966,,,,,,,,,,0.008164000000000726,,,,,,,,,
784,0.011570999999999998,,,,,,,,,,0.03655600000000092,,,,,,,,,,0.004682999999999993,,,,,,,,,
785,0.0014150000000006102,,,,,,,,,,0.0037810000000000343,,,,,,,,,,0.006827999999998724,,,,,,,,,
786,0.0023170000000005686,,,,,,,,,,0.03155999999999892,,,,,,,,,,0.012218000000004281,,,,,,,,,
787,0.013132000000000588,,,,,,,,,,0.01144999999999996,,,,,,,,,,0.03948400000000163,,,,,,,,,
788,0.001519000000000048,,,,,,,,,,0.019346000000002306,,,,,,,,,,0.06479600000000119,,,,,,,,,
789,0.013721999999999568,,,,,,,,,,0.03494200000000092,,,,,,,,,,0.02469499999999414,,,,,,,,,
790,0.0012080000000000979,,,,,,,,,,0.0035310000000023933,,,,,,,,,,0.004265000000003738,,,,,,,,,
791,0.011236999999999497,,,,,,,,,,0.022492000000003287,,,,,,,,,,0.003054999999996255,,,,,,,,,
792,0.005435999999999552,,,,,,,,,,0.001806999999999448,,,,,,,,,,0.0018000000000029104,,,,,,,,,
793,0.0028290000000001925,,,,,,,,,,0.040150000000000574,,,,,,,,,,0.02020300000000219,,,,,,,,,
794,0.003890000000000171,,,,,,,,,,0.014123999999998915,,,,,,,,,,0.014265000000001749,,,,,,,,,
795,0.010733999999999355,,,,,,,,,,0.0018760000000028754,,,,,,,,,,0.016733999999999583,,,,,,,,,
796,0.0024519999999998987,,,,,,,,,,0.010565999999997189,,,,,,,,,,0.006239999999998247,,,,,,,,,
797,0.002087000000000394,,,,,,,,,,0.0018259999999976628,,,,,,,,,,0.02928399999999698,,,,,,,,,
798,0.003211000000000297,,,,,,,,,,0.0017980000000008545,,,,,,,,,,0.006617999999996016,,,,,,,,,
799,0.0028120000000004808,,,,,,,,,,0.006951999999998293,,,,,,,,,,0.021626999999995178,,,,,,,,,
800,0.010426999999999964,,,,,,,,,,0.012163000000001034,,,,,,,,,,0.004569000000003598,,,,,,,,,
801,0.010050000000000558,,,,,,,,,,0.0018119999999974823,,,,,,,,,,0.0024850000000000705,,,,,,,,,
802,0.0011129999999992535,,,,,,,,,,0.005426999999997406,,,,,,,,,,0.011924999999997965,,,,,,,,,
803,0.004490000000000549,,,,,,,,,,0.02086699999999908,,,,,,,,,,0.024810999999999694,,,,,,,,,
804,0.011097000000000357,,,,,,,,,,0.031365000000000975,,,,,,,,,,0.003608999999997309,,,,,,,,,
805,0.011549999999999727,,,,,,,,,,0.006986999999998744,,,,,,,,,,0.004055999999998505,,,,,,,,,
806,0.009105000000000807,,,,,,,,,,0.017511999999999972,,,,,,,,,,0.0006380000000021369,,,,,,,,,
807,0.005119999999999791,,,,,,,,,,0.013683999999997809,,,,,,,,,,0.02675299999999936,,,,,,,,,
808,0.010480999999999518,,,,,,,,,,0.02098799999999912,,,,,,,,,,0.026274999999998272,,,,,,,,,
809,0.010409000000000113,,,,,,,,,,0.008863999999999095,,,,,,,,,,0.004843999999998516,,,,,,,,,
810,0.005087999999999759,,,,,,,,,,0.02620200000000139,,,,,,,,,,0.020372000000001833,,,,,,,,,
811,0.02788500000000038,,,,,,,,,,0.019136999999997073,,,,,,,,,,0.0018039999999999168,,,,,,,,,
812,0.004650999999999961,,,,,,,,,,0.0034799999999997056,,,,,,,,,,0.004905999999998301,,,,,,,,,
813,0.009568000000000687,,,,,,,,,,0.00881299999999996,,,,,,,,,,0.002556000000005554,,,,,,,,,
814,0.011949999999999683,,,,,,,,,,0.0018700000000002603,,,,,,,,,,0.04261499999999785,,,,,,,,,
815,0.004786000000000179,,,,,,,,,,0.008842000000001349,,,,,,,,,,0.0020260000000007494,,,,,,,,,
816,0.002651000000000181,,,,,,,,,,0.006982999999998185,,,,,,,,,,0.011009999999998854,,,,,,,,,
817,0.0022489999999999455,,,,,,,,,,0.017504999999999882,,,,,,,,,,0.00912399999999991,,,,,,,,,
818,0.016350000000000087,,,,,,,,,,0.005172000000001731,,,,,,,,,,0.01206200000000024,,,,,,,,,
819,0.001152000000000264,,,,,,,,,,0.005214999999999748,,,,,,,,,,0.06947199999999754,,,,,,,,,
820,0.02425899999999981,,,,,,,,,,0.01920700000000153,,,,,,,,,,0.009843000000003599,,,,,,,,,
821,0.007713999999999999,,,,,,,,,,0.02076100000000025,,,,,,,,,,0.013156999999999641,,,,,,,,,
822,0.009376999999999747,,,,,,,,,,0.005243999999997584,,,,,,,,,,0.0032409999999956085,,,,,,,,,
823,0.0015770000000001616,,,,,,,,,,0.025982000000002614,,,,,,,,,,0.02428199999999947,,,,,,,,,
824,0.007728000000000179,,,,,,,,,,0.006712000000000273,,,,,,,,,,0.01823399999999964,,,,,,,,,
825,0.014422000000000601,,,,,,,,,,0.021110000000000184,,,,,,,,,,0.05057799999999446,,,,,,,,,
826,0.008271000000000583,,,,,,,,,,0.010704000000000491,,,,,,,,,,0.010429999999999495,,,,,,,,,
827,0.003773999999999944,,,,,,,,,,0.01062599999999847,,,,,,,,,,0.03659600000000296,,,,,,,,,
828,0.010886999999999425,,,,,,,,,,0.012139000000001232,,,,,,,,,,0.05883500000000197,,,,,,,,,
829,0.00912199999999963,,,,,,,,,,0.0036269999999980485,,,,,,,,,,0.02677500000000066,,,,,,,,,
830,0.0027730000000003585,,,,,,,,,,0.0018330000000013058,,,,,,,,,,0.016435999999998785,,,,,,,,,
831,0.021145999999999887,,,,,,,,,,0.02269399999999777,,,,,,,,,,0.03986600000000351,,,,,,,,,
832,0.005304999999999893,,,,,,,,,,0.022486000000000672,,,,,,,,,,0.01074400000000253,,,,,,,,,
833,0.00587699999999991,,,,,,,,,,0.01050599999999946,,,,,,,,,,0.011473999999999762,,,,,,,,,
834,0.0092749999999997,,,,,,,,,,0.015575999999999368,,,,,,,,,,0.022388999999996884,,,,,,,,,
835,0.0028569999999996654,,,,,,,,,,0.0035769999999999413,,,,,,,,,,0.004210000000000491,,,,,,,,,
836,0.008606000000000336,,,,,,,,,,0.0019279999999994857,,,,,,,,,,0.011601999999996337,,,,,,,,,
837,0.0013259999999997163,,,,,,,,,,0.003644000000001313,,,,,,,,,,0.0037360000000035143,,,,,,,,,
838,0.018925000000000303,,,,,,,,,,0.01407999999999987,,,,,,,,,,0.0031000000000034333,,,,,,,,,
839,0.0013969999999998706,,,,,,,,,,0.01397100000000151,,,,,,,,,,0.003512999999998101,,,,,,,,,
840,0.00773299999999999,,,,,,,,,,0.05632699999999957,,,,,,,,,,0.014400999999999442,,,,,,,,,
841,0.005645999999999596,,,,,,,,,,0.009140999999999622,,,,,,,,,,0.006039999999998713,,,,,,,,,
842,0.0057549999999997326,,,,,,,,,,0.012346000000000856,,,,,,,,,,0.005540000000003431,,,,,,,,,
843,0.013214999999999755,,,,,,,,,,0.022823999999999955,,,,,,,,,,0.018211000000000865,,,,,,,,,
844,0.004306999999999839,,,,,,,,,,0.019334999999998104,,,,,,,,,,0.0112140000000025,,,,,,,,,
845,0.00836900000000007,,,,,,,,,,0.010672000000003123,,,,,,,,,,0.018799000000001342,,,,,,,,,
846,0.0022079999999995437,,,,,,,,,,0.00183099999999925,,,,,,,,,,0.006343000000001098,,,,,,,,,
847,0.0053160000000005425,,,,,,,,,,0.005254000000000758,,,,,,,,,,0.06901900000000438,,,,,,,,,
848,0.003919000000000672,,,,,,,,,,0.012344999999999828,,,,,,,,,,0.0037769999999994752,,,,,,,,,
849,0.001178999999999597,,,,,,,,,,0.008886000000000394,,,,,,,,,,0.036974999999998204,,,,,,,,,
850,0.002511000000000152,,,,,,,,,,0.015760999999997694,,,,,,,,,,0.0024380000000050472,,,,,,,,,
851,0.011981000000000464,,,,,,,,,,0.003672000000001674,,,,,,,,,,0.01042799999999744,,,,,,,,,
852,0.01842800000000011,,,,,,,,,,0.013756999999998243,,,,,,,,,,0.003972999999994897,,,,,,,,,
853,0.0015520000000002199,,,,,,,,,,0.001960999999997881,,,,,,,,,,0.00912599999999486,,,,,,,,,
854,0.0011419999999997543,,,,,,,,,,0.010565999999997189,,,,,,,,,,0.020229000000000497,,,,,,,,,
855,0.008875999999999884,,,,,,,,,,0.007178000000003237,,,,,,,,,,0.007491999999999166,,,,,,,,,
856,0.01949999999999985,,,,,,,,,,0.03638299999999717,,,,,,,,,,0.011136000000000479,,,,,,,,,
857,0.006695000000000562,,,,,,,,,,0.008936999999999529,,,,,,,,,,0.029102000000001738,,,,,,,,,
858,0.0038130000000000663,,,,,,,,,,0.0034130000000018867,,,,,,,,,,0.030953999999994153,,,,,,,,,
859,0.001204000000000427,,,,,,,,,,0.0034020000000012374,,,,,,,,,,0.0027569999999954575,,,,,,,,,
860,0.0012460000000000804,,,,,,,,,,0.008863999999999095,,,,,,,,,,0.020287000000003275,,,,,,,,,
861,0.002511000000000152,,,,,,,,,,0.010688999999999282,,,,,,,,,,0.0021820000000047912,,,,,,,,,
862,0.0059589999999998255,,,,,,,,,,0.001808000000000476,,,,,,,,,,0.031002000000000862,,,,,,,,,
863,0.009783000000000541,,,,,,,,,,0.02970200000000034,,,,,,,,,,0.011561000000000377,,,,,,,,,
864,0.014412000000000091,,,,,,,,,,0.0018449999999994304,,,,,,,,,,0.011559000000005426,,,,,,,,,
865,0.018760000000000332,,,,,,,,,,0.0053629999999991185,,,,,,,,,,0.00781700000000285,,,,,,,,,
866,0.010168000000000177,,,,,,,,,,0.008741999999998029,,,,,,,,,,0.00259799999999899,,,,,,,,,
867,0.014967999999999648,,,,,,,,,,0.03464000000000311,,,,,,,,,,0.03279600000000471,,,,,,,,,
868,0.005695999999999479,,,,,,,,,,0.016296000000000532,,,,,,,,,,0.01177200000000056,,,,,,,,,
869,0.004711000000000354,,,,,,,,,,0.007136999999996618,,,,,,,,,,0.027590999999993926,,,,,,,,,
870,0.011406000000000027,,,,,,,,,,0.006734999999999047,,,,,,,,,,0.002805999999999642,,,,,,,,,
871,0.0014710000000004442,,,,,,,,,,0.018039999999999168,,,,,,,,,,0.010210999999998194,,,,,,,,,
872,0.012764999999999915,,,,,,,,,,0.0071280000000015775,,,,,,,,,,0.017844000000003746,,,,,,,,,
873,0.01690600000000053,,,,,,,,,,0.008445999999999287,,,,,,,,,,0.05624499999999699,,,,,,,,,
874,0.055022000000000126,,,,,,,,,,0.0019290000000005136,,,,,,,,,,0.026454000000001088,,,,,,,,,
875,0.019159000000000148,,,,,,,,,,0.0018340000000023338,,,,,,,,,,0.03366900000000328,,,,,,,,,
876,0.009332000000000562,,,,,,,,,,0.02131999999999934,,,,,,,,,,0.012148000000003378,,,,,,,,,
877,0.008555000000000312,,,,,,,,,,0.015775999999998902,,,,,,,,,,0.03501099999999724,,,,,,,,,
878,0.009566999999999659,,,,,,,,,,0.015871000000000635,,,,,,,,,,0.020577000000002954,,,,,,,,,
879,0.0025620000000001752,,,,,,,,,,0.022599999999997067,,,,,,,,,,0.00557500000000033,,,,,,,,,
880,0.005931999999999604,,,,,,,,,,0.0018219999999971037,,,,,,,,,,0.0090720000000033,,,,,,,,,
881,0.005898000000000181,,,,,,,,,,0.003517999999999688,,,,,,,,,,0.0010710000000031528,,,,,,,,,
882,0.0036530000000007945,,,,,,,,,,0.008903000000000105,,,,,,,,,,0.007051999999994507,,,,,,,,,
883,0.01299299999999981,,,,,,,,,,0.0018200000000021532,,,,,,,,,,0.050308999999998605,,,,,,,,,
884,0.0012490000000004997,,,,,,,,,,0.0018269999999986908,,,,,,,,,,0.007712999999995418,,,,,,,,,
885,0.004570999999999437,,,,,,,,,,0.01951400000000092,,,,,,,,,,0.011869000000004348,,,,,,,,,
886,0.014034999999999798,,,,,,,,,,0.025735999999998427,,,,,,,,,,0.006629000000003771,,,,,,,,,
887,0.009630000000000472,,,,,,,,,,0.01577999999999946,,,,,,,,,,0.002745999999994808,,,,,,,,,
888,0.003633999999999915,,,,,,,,,,0.008848999999997886,,,,,,,,,,0.020011000000003776,,,,,,,,,
889,0.010329000000000477,,,,,,,,,,0.026129999999998432,,,,,,,,,,0.0032730000000000814,,,,,,,,,
890,0.03443299999999905,,,,,,,,,,0.019154000000000337,,,,,,,,,,0.044856000000002894,,,,,,,,,
891,0.0029959999999995546,,,,,,,,,,0.019333999999997076,,,,,,,,,,0.03331099999999765,,,,,,,,,
892,0.00450200000000045,,,,,,,,,,0.005243000000000109,,,,,,,,,,0.03180499999999853,,,,,,,,,
893,0.0042450000000009425,,,,,,,,,,0.05919099999999844,,,,,,,,,,0.007701999999994769,,,,,,,,,
894,0.0031599999999993855,,,,,,,,,,0.0017649999999989063,,,,,,,,,,0.03324500000000086,,,,,,,,,
895,0.013811999999999713,,,,,,,,,,0.006858000000001141,,,,,,,,,,0.007232999999999379,,,,,,,,,
896,0.001224000000000558,,,,,,,,,,0.010777000000000925,,,,,,,,,,0.01692700000000258,,,,,,,,,
897,0.006581999999999866,,,,,,,,,,0.001814000000003091,,,,,,,,,,0.022995999999999128,,,,,,,,,
898,0.0013690000000003977,,,,,,,,,,0.012181000000001774,,,,,,,,,,0.10113899999999632,,,,,,,,,
899,0.0012650000000000716,,,,,,,,,,0.003538999999999959,,,,,,,,,,0.006949999999996237,,,,,,,,,
900,0.006541999999999604,,,,,,,,,,0.0106509999999993,,,,,,,,,,0.011628000000001748,,,,,,,,,
901,0.00721999999999845,,,,,,,,,,0.017595000000000027,,,,,,,,,,0.012791999999997472,,,,,,,,,
902,0.004908999999999608,,,,,,,,,,0.024695000000001244,,,,,,,,,,0.010424999999997908,,,,,,,,,
903,0.006785999999999959,,,,,,,,,,0.026425999999997174,,,,,,,,,,0.01821199999999834,,,,,,,,,
904,0.001580000000000581,,,,,,,,,,0.018965000000001453,,,,,,,,,,0.09423299999999557,,,,,,,,,
905,0.012088999999999572,,,,,,,,,,0.005420000000000869,,,,,,,,,,0.01737800000000078,,,,,,,,,
906,0.009005999999999403,,,,,,,,,,0.02293300000000187,,,,,,,,,,0.03219299999999947,,,,,,,,,
907,0.010631000000000057,,,,,,,,,,0.012116999999999933,,,,,,,,,,0.03095599999999621,,,,,,,,,
908,0.001730999999999483,,,,,,,,,,0.0019190000000008922,,,,,,,,,,0.004041999999998325,,,,,,,,,
909,0.0036640000000005557,,,,,,,,,,0.02096999999999838,,,,,,,,,,0.01678900000000283,,,,,,,,,
910,0.0023540000000004113,,,,,,,,,,0.003565999999999292,,,,,,,,,,0.043641999999998404,,,,,,,,,
911,0.025016000000000815,,,,,,,,,,0.010445999999998179,,,,,,,,,,0.009090000000000487,,,,,,,,,
912,0.004042999999999353,,,,,,,,,,0.014232999999997276,,,,,,,,,,0.022548000000000457,,,,,,,,,
913,0.002761999999998821,,,,,,,,,,0.026250000000000995,,,,,,,,,,0.002873999999998489,,,,,,,,,
914,0.02659300000000009,,,,,,,,,,0.0037170000000017467,,,,,,,,,,0.036647000000002095,,,,,,,,,
915,0.005481000000001401,,,,,,,,,,0.006914999999999338,,,,,,,,,,0.007854000000001804,,,,,,,,,
916,0.006695000000000562,,,,,,,,,,0.005230000000000956,,,,,,,,,,0.045960999999998364,,,,,,,,,
917,0.0035890000000016187,,,,,,,,,,0.007138999999998674,,,,,,,,,,0.0008989999999968745,,,,,,,,,
918,0.010370999999999242,,,,,,,,,,0.0035500000000006082,,,,,,,,,,0.004648000000003094,,,,,,,,,
919,0.0028090000000009496,,,,,,,,,,0.02306600000000003,,,,,,,,,,0.00698200000000071,,,,,,,,,
920,0.010045999999999111,,,,,,,,,,0.024443999999999022,,,,,,,,,,0.01744599999999963,,,,,,,,,
921,0.014256999999998854,,,,,,,,,,0.0018310000000028026,,,,,,,,,,0.005464000000003466,,,,,,,,,
922,0.001858999999999611,,,,,,,,,,0.008710000000000662,,,,,,,,,,0.006480000000003372,,,,,,,,,
923,0.0026100000000006673,,,,,,,,,,0.017758000000000607,,,,,,,,,,0.018765999999999394,,,,,,,,,
924,0.009857000000000227,,,,,,,,,,0.03314100000000053,,,,,,,,,,0.02467099999999789,,,,,,,,,
925,0.002457999999998961,,,,,,,,,,0.010476000000000596,,,,,,,,,,0.013983000000003187,,,,,,,,,
926,0.004562999999999207,,,,,,,,,,0.012418000000000262,,,,,,,,,,0.007595999999999492,,,,,,,,,
927,0.00862699999999883,,,,,,,,,,0.02459699999999998,,,,,,,,,,0.020400000000002194,,,,,,,,,
928,0.007621000000000322,,,,,,,,,,0.0035500000000006082,,,,,,,,,,0.024951999999998975,,,,,,,,,
929,0.004968999999999113,,,,,,,,,,0.013973000000000013,,,,,,,,,,0.0026200000000002888,,,,,,,,,
930,0.0012389999999999901,,,,,,,,,,0.03681500000000071,,,,,,,,,,0.014784000000005904,,,,,,,,,
931,0.01595400000000069,,,,,,,,,,0.019293000000001115,,,,,,,,,,0.002884000000001663,,,,,,,,,
932,0.00322199999999917,,,,,,,,,,0.04370100000000221,,,,,,,,,,0.04855299999999829,,,,,,,,,
933,0.011668000000000234,,,,,,,,,,0.0018169999999990694,,,,,,,,,,0.01250699999999938,,,,,,,,,
934,0.002610999999999919,,,,,,,,,,0.014071999999998752,,,,,,,,,,0.004883000000006632,,,,,,,,,
935,0.015342999999999662,,,,,,,,,,0.018919999999997827,,,,,,,,,,0.0022759999999948377,,,,,,,,,
936,0.0025409999999990163,,,,,,,,,,0.009138999999997566,,,,,,,,,,0.018623999999995533,,,,,,,,,
937,0.01147000000000098,,,,,,,,,,0.04379400000000189,,,,,,,,,,0.0025070000000013692,,,,,,,,,
938,0.002256000000000924,,,,,,,,,,0.01944000000000301,,,,,,,,,,0.005590999999995461,,,,,,,,,
939,0.01564600000000027,,,,,,,,,,0.008864000000002648,,,,,,,,,,0.027053000000002214,,,,,,,,,
940,0.01034699999999944,,,,,,,,,,0.003519000000000716,,,,,,,,,,0.011580000000002144,,,,,,,,,
941,0.0029640000000004108,,,,,,,,,,0.0035589999999992017,,,,,,,,,,0.03119800000000339,,,,,,,,,
942,0.02765799999999885,,,,,,,,,,0.003692999999998392,,,,,,,,,,0.017048000000002617,,,,,,,,,
943,0.0025250000000003325,,,,,,,,,,0.0069939999999988345,,,,,,,,,,0.00477799999999462,,,,,,,,,
944,0.0028799999999993275,,,,,,,,,,0.010577999999998866,,,,,,,,,,0.015345000000003495,,,,,,,,,
945,0.0013839999999998298,,,,,,,,,,0.0052279999999989,,,,,,,,,,0.014330000000001064,,,,,,,,,
946,0.0101090000000017,,,,,,,,,,0.005230000000000956,,,,,,,,,,0.0026720000000040045,,,,,,,,,
947,0.01840699999999984,,,,,,,,,,0.0019430000000006942,,,,,,,,,,0.01583999999999719,,,,,,,,,
948,0.0011310000000008813,,,,,,,,,,0.013730999999999938,,,,,,,,,,0.002534999999994625,,,,,,,,,
949,0.017733000000001553,,,,,,,,,,0.005380999999999858,,,,,,,,,,0.002326000000003603,,,,,,,,,
950,0.023106999999999545,,,,,,,,,,0.0017879999999976803,,,,,,,,,,0.008078999999995062,,,,,,,,,
951,0.0041799999999998505,,,,,,,,,,0.0051890000000014425,,,,,,,,,,0.010615999999998849,,,,,,,,,
952,0.011651999999999774,,,,,,,,,,0.014109999999998735,,,,,,,,,,0.016204000000001884,,,,,,,,,
953,0.0025770000000004956,,,,,,,,,,0.02779899999999813,,,,,,,,,,0.0031919999999985293,,,,,,,,,
954,0.004357999999999862,,,,,,,,,,0.003572000000001907,,,,,,,,,,0.007314000000000931,,,,,,,,,
955,0.001326999999999856,,,,,,,,,,0.01065799999999939,,,,,,,,,,0.0022139999999950533,,,,,,,,,
956,0.0031109999999987537,,,,,,,,,,0.017360000000000042,,,,,,,,,,0.0016379999999998063,,,,,,,,,
957,0.03323600000000049,,,,,,,,,,0.0033949999999975944,,,,,,,,,,0.006143999999999039,,,,,,,,,
958,0.0031090000000002505,,,,,,,,,,0.017797999999999092,,,,,,,,,,0.08214799999999656,,,,,,,,,
959,0.007926999999998685,,,,,,,,,,0.0280149999999999,,,,,,,,,,0.01069599999999582,,,,,,,,,
960,0.005554000000000059,,,,,,,,,,0.028452000000001476,,,,,,,,,,0.013562000000000296,,,,,,,,,
961,0.04071399999999947,,,,,,,,,,0.005338000000001841,,,,,,,,,,0.01429600000000164,,,,,,,,,
962,0.008930000000001215,,,,,,,,,,0.001812000000001035,,,,,,,,,,0.01821300000000292,,,,,,,,,
963,0.005478000000000094,,,,,,,,,,0.021245999999997878,,,,,,,,,,0.013863000000000625,,,,,,,,,
964,0.011986999999999526,,,,,,,,,,0.001934999999999576,,,,,,,,,,0.05980900000000133,,,,,,,,,
965,0.028700000000000614,,,,,,,,,,0.0035279999999993095,,,,,,,,,,0.04688100000000617,,,,,,,,,
966,0.013287000000000049,,,,,,,,,,0.0052650000000014074,,,,,,,,,,0.029334000000005744,,,,,,,,,
967,0.0046400000000001995,,,,,,,,,,0.03656699999999802,,,,,,,,,,0.0048019999999979746,,,,,,,,,
968,0.010260000000000602,,,,,,,,,,0.003543000000000518,,,,,,,,,,0.007713999999999999,,,,,,,,,
969,0.009381000000001194,,,,,,,,,,0.0019260000000009825,,,,,,,,,,0.06057299999999799,,,,,,,,,
970,0.001109000000001359,,,,,,,,,,0.03473499999999774,,,,,,,,,,0.028331999999998914,,,,,,,,,
971,0.033277,,,,,,,,,,0.0036090000000008615,,,,,,,,,,0.022256999999996196,,,,,,,,,
972,0.006137999999999977,,,,,,,,,,0.0069760000000016475,,,,,,,,,,0.002349999999999852,,,,,,,,,
973,0.015691000000000344,,,,,,,,,,0.008675999999997686,,,,,,,,,,0.0036869999999993297,,,,,,,,,
974,0.0017560000000003129,,,,,,,,,,0.007068000000000296,,,,,,,,,,0.021602000000001453,,,,,,,,,
975,0.02092900000000064,,,,,,,,,,0.0017619999999993752,,,,,,,,,,0.00581799999999788,,,,,,,,,
976,0.008728999999998877,,,,,,,,,,0.009830000000000894,,,,,,,,,,0.017985000000003026,,,,,,,,,
977,0.03969099999999948,,,,,,,,,,0.007421000000000788,,,,,,,,,,0.005565000000004261,,,,,,,,,
978,0.0031520000000000437,,,,,,,,,,0.0017969999999998265,,,,,,,,,,0.01912099999999839,,,,,,,,,
979,0.01345300000000016,,,,,,,,,,0.00515100000000146,,,,,,,,,,0.06837700000000524,,,,,,,,,
980,0.007104999999999251,,,,,,,,,,0.00537299999999874,,,,,,,,,,0.018908000000003256,,,,,,,,,
981,0.005676000000001125,,,,,,,,,,0.0017960000000023513,,,,,,,,,,0.007233999999996854,,,,,,,,,
982,0.021687000000000012,,,,,,,,,,0.003589999999999094,,,,,,,,,,0.0018310000000028026,,,,,,,,,
983,0.00717300000000165,,,,,,,,,,0.008380999999999972,,,,,,,,,,0.0014710000000022205,,,,,,,,,
984,0.025539999999999452,,,,,,,,,,0.003792999999998159,,,,,,,,,,0.0026609999999962497,,,,,,,,,
985,0.00400699999999965,,,,,,,,,,0.029925999999999675,,,,,,,,,,0.004628999999994221,,,,,,,,,
986,0.0018139999999995382,,,,,,,,,,0.013965999999999923,,,,,,,,,,0.0023150000000029536,,,,,,,,,
987,0.009781999999999513,,,,,,,,,,0.034700999999998317,,,,,,,,,,0.02719600000000355,,,,,,,,,
988,0.0010919999999998709,,,,,,,,,,0.0088899999999974,,,,,,,,,,0.03319700000000125,,,,,,,,,
989,0.025332999999999828,,,,,,,,,,0.003535999999996875,,,,,,,,,,0.010474000000002093,,,,,,,,,
990,0.0012660000000010996,,,,,,,,,,0.060907000000000266,,,,,,,,,,0.005680000000005236,,,,,,,,,
991,0.01466699999999932,,,,,,,,,,0.0017479999999991946,,,,,,,,,,0.0035290000000003374,,,,,,,,,
992,0.004369000000000511,,,,,,,,,,0.0087629999999983,,,,,,,,,,0.016652000000000555,,,,,,,,,
993,0.0036769999999997083,,,,,,,,,,0.003637999999998698,,,,,,,,,,0.006001999999995178,,,,,,,,,
994,0.001422999999999064,,,,,,,,,,0.0018219999999971037,,,,,,,,,,0.0034050000000007685,,,,,,,,,
995,0.0028370000000013107,,,,,,,,,,0.06807900000000089,,,,,,,,,,0.010303000000000395,,,,,,,,,
996,0.006479000000000568,,,,,,,,,,0.015544999999999476,,,,,,,,,,0.033583999999997616,,,,,,,,,
997,0.008305999999999258,,,,,,,,,,0.019434000000000395,,,,,,,,,,0.035130000000002326,,,,,,,,,
998,0.004609999999999559,,,,,,,,,,0.007063999999999737,,,,,,,,,,0.01629400000000203,,,,,,,,,
999,0.006769000000000247,,,,,,,,,,0.01583699999999766,,,,,,,,,,0.003239000000000658,,,,,,,,,
